-- phpMyAdmin SQL Dump
-- version 4.9.1
-- https://www.phpmyadmin.net/
--
-- Host: phimserver
-- Generation Time: Dec 06, 2019 at 02:59 AM
-- Server version: 5.7.28
-- PHP Version: 7.2.23

SET SQL_MODE = "NO_AUTO_VALUE_ON_ZERO";
SET AUTOCOMMIT = 0;
START TRANSACTION;
SET time_zone = "+00:00";


/*!40101 SET @OLD_CHARACTER_SET_CLIENT=@@CHARACTER_SET_CLIENT */;
/*!40101 SET @OLD_CHARACTER_SET_RESULTS=@@CHARACTER_SET_RESULTS */;
/*!40101 SET @OLD_COLLATION_CONNECTION=@@COLLATION_CONNECTION */;
/*!40101 SET NAMES utf8mb4 */;

--
-- Database: `data`
--

-- --------------------------------------------------------

--
-- Table structure for table `booking`
--

CREATE TABLE `booking` (
  `booking_id` int(11) NOT NULL,
  `user_id` int(11) DEFAULT NULL,
  `schedule_id` int(11) DEFAULT NULL,
  `seat_id` int(11) DEFAULT NULL,
  `price` double DEFAULT '0',
  `seat_status` tinyint(1) DEFAULT NULL
) ENGINE=InnoDB DEFAULT CHARSET=utf8mb4 COLLATE=utf8mb4_vietnamese_ci;

--
-- Dumping data for table `booking`
--

INSERT INTO `booking` (`booking_id`, `user_id`, `schedule_id`, `seat_id`, `price`, `seat_status`) VALUES
(1, 10, 1, 45, 750000, 1),
(2, 10, 2, 135, 750000, 0);

-- --------------------------------------------------------

--
-- Table structure for table `cinemas`
--

CREATE TABLE `cinemas` (
  `cinema_id` int(11) NOT NULL,
  `cinema_name` text COLLATE utf8mb4_vietnamese_ci,
  `cinema_address` text COLLATE utf8mb4_vietnamese_ci
) ENGINE=InnoDB DEFAULT CHARSET=utf8mb4 COLLATE=utf8mb4_vietnamese_ci;

--
-- Dumping data for table `cinemas`
--

INSERT INTO `cinemas` (`cinema_id`, `cinema_name`, `cinema_address`) VALUES
(1, 'Beta Mỹ Đình', 'Hà Nội'),
(2, 'Beta Thanh Xuân', 'Hà Nội'),
(3, 'Beta Đan Phượng', 'Hà Nội'),
(4, 'Beta Thái Nguyên', 'Hà Nội'),
(5, 'Beta Biên Hòa', 'Hà Nội'),
(6, 'Beta Long Khánh', 'Hà Nội'),
(7, 'Beta Long Thành', 'Hà Nội');

-- --------------------------------------------------------

--
-- Table structure for table `hibernate_sequence`
--

CREATE TABLE `hibernate_sequence` (
  `next_val` bigint(20) DEFAULT NULL
) ENGINE=InnoDB DEFAULT CHARSET=utf8mb4 COLLATE=utf8mb4_vietnamese_ci;

--
-- Dumping data for table `hibernate_sequence`
--

INSERT INTO `hibernate_sequence` (`next_val`) VALUES
(3),
(3),
(3),
(3),
(3),
(3),
(3);

-- --------------------------------------------------------

--
-- Table structure for table `movies`
--

CREATE TABLE `movies` (
  `movie_id` int(11) NOT NULL,
  `movie_name` text CHARACTER SET utf8,
  `movie_description` text COLLATE utf8mb4_vietnamese_ci,
  `movie_trailer` text COLLATE utf8mb4_vietnamese_ci,
  `movie_cens` text COLLATE utf8mb4_vietnamese_ci,
  `movie_genres` text COLLATE utf8mb4_vietnamese_ci,
  `movie_release` date DEFAULT NULL,
  `movie_lenght` time DEFAULT NULL,
  `movie_format` text COLLATE utf8mb4_vietnamese_ci,
  `movie_poster` text COLLATE utf8mb4_vietnamese_ci
) ENGINE=InnoDB DEFAULT CHARSET=utf8mb4 COLLATE=utf8mb4_vietnamese_ci;

--
-- Dumping data for table `movies`
--

INSERT INTO `movies` (`movie_id`, `movie_name`, `movie_description`, `movie_trailer`, `movie_cens`, `movie_genres`, `movie_release`, `movie_lenght`, `movie_format`, `movie_poster`) VALUES
(1, 'FROZEN 2-NỮ HOÀNG BĂNG GIÁ 2', 'Frozen lấy cảm hứng từ câu chuyện Nữ Hoàng Tuyết được nhà văn Andersen chắp bút nhưng nội dung hoàn toàn khác so với tác phẩm gốc. Phim tạo nên cơn sốt hơn 1,2 tỷ $ trên toàn thế giới vào năm 2013. Sau 6 năm, bộ phim ra mắt phần 2 trong sự chờ đợi tột cùng của khán giả.\r\n\r\nElsa, Anna, Kristoff và Olaf đi sâu vào rừng để tìm hiểu sự thật về bí ẩn xảy ra nơi vương quốc của họ. Đó là khu rừng thần bí mà hoàng hậu đã từng kể cho hai nàng công chúa khi còn nhỏ. Liệu điều này có liên quan gì đến sức mạnh của Elsa. Điều gì đang chờ đợi họ khi vén màn sự thật?', 'https://www.youtube.com/watch?v=C70I39Pqlhs', 'P', 'Hài, Hoạt Hình, Phiêu Lưu', '2019-11-20', '01:45:00', '2D', 'https://m.media-amazon.com/images/M/MV5BMjA0YjYyZGMtN2U0Ni00YmY4LWJkZTItYTMyMjY3NGYyMTJkXkEyXkFqcGdeQXVyNDg4NjY5OTQ@._V1_UX182_CR0,0,182,268_AL_.jpg'),
(2, 'ANH TRAI YÊU QUÁI', 'Lâm là một vận động viên Judo quốc gia bỗng chốc phải bỏ dở sự nghiệp vì gặp chấn thương mất đi thị giác. Phong - người anh cùng cha khác mẹ đang ở trong tù - ngay lập tức lợi dụng bi kịch của em trai để xin được ân xá về nhà chăm sóc em. Chưa thể chấp nhận sự thật mình sẽ bị mù vĩnh viễn, Lâm càng phát điên khi ông anh 10 năm không gặp bỗng dưng trở về, mang theo toàn phiền toái. Cuộc đoàn tụ không mong muốn đẩy hai anh em Phong và Lâm vào những tình huống bi hài, khi vừa phải chịu đựng tật xấu của nhau, vừa tìm cách giải quyết những mâu thuẫn trong quá khứ.', 'https://www.youtube.com/watch?v=jRhw9v2MEjQ', 'C13', 'Hài, Tình Cảm', '2019-11-29', '01:49:00', '2D', 'https://www.cgv.vn/media/catalog/product/cache/1/image/c5f0a1eff4c394a251036189ccddaacd/f/b/fb_mainposter_atyq_1_.jpg'),
(3, 'PHÁP SƯ MÙ: AI CHẾT GIƠ TAY', 'Với thông điệp: “Thiện Căn ở tại lòng ta - Chữ Tâm kia mới bằng ba chữ Tài”, bộ phim điện ảnh với thể loại linh dị - hài ‘Pháp Sư Mù’ sẽ tái hiện hành trình đi tìm lại ánh sáng cho đôi mắt của Tinh lâm và những câu chuyện nhân quả đan xen mà Tinh Lâm phải trải qua để thấu hiểu rõ hơn về cuộc đời. Tinh Lâm bị mù là do tai nạn hay có nguyên nhân bí ẩn nào khác? Ai sẽ cùng đồng hành với Tinh Lâm để tiếp tục con đường “trừ ma diệt quỷ”? Tất cả sẽ được giải đáp thỏa đáng vào ngày 08.11.2019 tới đây.', 'https://www.youtube.com/watch?v=t7srZZh9lxY', 'C18', 'Hài, Kinh Dị', '2019-11-08', '02:00:00', '2D', 'https://www.cgv.vn/media/catalog/product/cache/1/image/c5f0a1eff4c394a251036189ccddaacd/p/o/poster_payoff_psm_10_final_16102019_1__2.jpg'),
(4, 'NGƯỜI CÁ BÁO THÙ', 'Bộ phim lấy bối cảnh tại một vùng nước sâu ở Thái Bình Dương, nơi mà theo lời đồn vận may sẽ đến với những ai sở hữu người cá. Những ngư dân bắt đầu dấn thân vào hành trình truy lùng và săn đuổi người cá. Không may thay, một cô người cá đã vô tình lọt vào lưới của những ngư dân này và bi kịch bắt đầu. Người cá và phải chịu đựng hàng loạt những thí nghiệm vô nhân đạo của gã bác sĩ điên loạn Beyer. Liệu những cô gái tại viện tâm thần Beyer sẽ chiến thắng được gã bác sĩ bệnh hoạn? Liệu điều gì sẽ xảy ra với người cá, liệu cô sẽ vùng dậy như thế nào để giải thoát bản thân và trả thù cho những nỗi căm hận mà mình đang gánh chịu? …', 'https://www.youtube.com/watch?v=VkBZ8Zc_6mI', 'C18', 'Kinh Dị, Kịch Tính', '2019-12-01', '01:35:00', '2D', 'https://www.cgv.vn/media/catalog/product/cache/1/image/c5f0a1eff4c394a251036189ccddaacd/m/e/mermaid_down_-_vietnam_-_teaser_poster_1_.jpg'),
(5, 'NGỐC ƠI TUỔI 17', 'Được chuyển thể từ tiểu thuyết Mang Thai Tuổi 17 của tác giả trẻ Võ Anh Thơ. Cô đã cảm thấy thật ngạc nhiên khi được nhà sản xuất gọi điện và đề nghị chuyển thể tiểu thuyết thành phim. Cái tên Ngốc Ơi Tuổi 17 cũng mang hàm ý riêng: 17 là lứa tuổi hồn nhiên đồng thời cũng dễ có những vấp ngã và dẫn đến những hệ luỵ khó lường về lâu dài.', 'https://www.youtube.com/watch?v=i0TeXCITsOg', 'C16', 'Tình Cảm', '2019-12-22', '01:30:00', '2D', 'https://www.cgv.vn/media/catalog/product/cache/1/image/c5f0a1eff4c394a251036189ccddaacd/n/g/ng_c_i_tu_i_17_main_poster.jpg'),
(6, 'ONE PIECE:STAMPEDE', 'Bộ phim lấy bối cảnh là Hội chợ hải tặc, \"do hải tặc, cho hải tặc\", nơi mà những tên hải tặc khắp thể giới, bao gồm những tên khét tiếng nhất, đến để tham dự một cuộc săn kho báu lớn, lần này kho báu thuộc về không ai khác ngoài Gold Roger.', 'https://www.youtube.com/watch?v=S8_YwFLCh4U', 'C16', 'Hoạt Hình, Hài, Hành Động', '2020-01-03', '02:11:00', '2D', 'http://image.phimmoi.net/film/9448/poster.medium.jpg'),
(7, 'FROZEN 2-NỮ HOÀNG BĂNG GIÁ 2', 'Frozen lấy cảm hứng từ câu chuyện Nữ Hoàng Tuyết được nhà văn Andersen chắp bút nhưng nội dung hoàn toàn khác so với tác phẩm gốc. Phim tạo nên cơn sốt hơn 1,2 tỷ $ trên toàn thế giới vào năm 2013. Sau 6 năm, bộ phim ra mắt phần 2 trong sự chờ đợi tột cùng của khán giả.\r\n\r\nElsa, Anna, Kristoff và Olaf đi sâu vào rừng để tìm hiểu sự thật về bí ẩn xảy ra nơi vương quốc của họ. Đó là khu rừng thần bí mà hoàng hậu đã từng kể cho hai nàng công chúa khi còn nhỏ. Liệu điều này có liên quan gì đến sức mạnh của Elsa. Điều gì đang chờ đợi họ khi vén màn sự thật?', 'https://www.youtube.com/watch?v=C70I39Pqlhs', 'P', 'Hài, Hoạt Hình, Phiêu Lưu', '2019-11-20', '01:45:00', '3D', 'https://m.media-amazon.com/images/M/MV5BMjA0YjYyZGMtN2U0Ni00YmY4LWJkZTItYTMyMjY3NGYyMTJkXkEyXkFqcGdeQXVyNDg4NjY5OTQ@._V1_UX182_CR0,0,182,268_AL_.jpg');

-- --------------------------------------------------------

--
-- Table structure for table `room`
--

CREATE TABLE `room` (
  `room_id` int(11) NOT NULL,
  `cinema_id` int(11) DEFAULT NULL,
  `room_name` text COLLATE utf8mb4_vietnamese_ci
) ENGINE=InnoDB DEFAULT CHARSET=utf8mb4 COLLATE=utf8mb4_vietnamese_ci;

--
-- Dumping data for table `room`
--

INSERT INTO `room` (`room_id`, `cinema_id`, `room_name`) VALUES
(1, 1, 'ROOM 1'),
(2, 1, 'ROOM 2'),
(3, 1, 'ROOM 3'),
(4, 1, 'ROOM 4'),
(5, 1, 'ROOM 5'),
(6, 2, 'ROOM 1'),
(7, 2, 'ROOM 2'),
(8, 2, 'ROOM 3'),
(9, 2, 'ROOM 4'),
(10, 2, 'ROOM 5'),
(11, 3, 'ROOM 1'),
(12, 3, 'ROOM 2'),
(13, 3, 'ROOM 3'),
(14, 3, 'ROOM 4'),
(15, 3, 'ROOM 5'),
(16, 4, 'ROOM 1'),
(17, 4, 'ROOM 2'),
(18, 4, 'ROOM 3'),
(19, 4, 'ROOM 4'),
(20, 4, 'ROOM 5'),
(21, 5, 'ROOM 1'),
(22, 5, 'ROOM 2'),
(23, 5, 'ROOM 3'),
(24, 5, 'ROOM 4'),
(25, 5, 'ROOM 5'),
(26, 6, 'ROOM 1'),
(27, 6, 'ROOM 2'),
(28, 6, 'ROOM 3'),
(29, 6, 'ROOM 4'),
(30, 6, 'ROOM 5'),
(31, 7, 'ROOM 1'),
(32, 7, 'ROOM 2'),
(33, 7, 'ROOM 3'),
(34, 7, 'ROOM 4'),
(35, 7, 'ROOM 5');

-- --------------------------------------------------------

--
-- Table structure for table `schedule`
--

CREATE TABLE `schedule` (
  `schedule_id` int(11) NOT NULL,
  `movie_id` int(11) DEFAULT NULL,
  `room_id` int(11) DEFAULT NULL,
  `schedule_date` date DEFAULT NULL,
  `schedule_start` time DEFAULT NULL,
  `schedule_end` time DEFAULT NULL
) ENGINE=InnoDB DEFAULT CHARSET=utf8mb4 COLLATE=utf8mb4_vietnamese_ci;

--
-- Dumping data for table `schedule`
--

INSERT INTO `schedule` (`schedule_id`, `movie_id`, `room_id`, `schedule_date`, `schedule_start`, `schedule_end`) VALUES
(1, 1, 1, '2019-12-10', '17:15:00', '19:00:00'),
(2, 2, 2, '2019-12-11', '13:00:00', '14:30:00'),
(3, 1, 5, '2019-12-10', '17:15:00', '19:00:00'),
(4, 1, 10, '2019-12-12', '17:15:00', '19:00:00'),
(5, 1, 12, '2019-12-10', '17:15:00', '19:00:00'),
(6, 1, 15, '2019-12-11', '17:15:00', '19:00:00'),
(7, 1, 20, '2019-12-08', '17:15:00', '19:00:00'),
(8, 1, 25, '2019-12-16', '17:15:00', '19:00:00'),
(9, 1, 30, '2019-12-10', '14:15:00', '16:00:00');

-- --------------------------------------------------------

--
-- Table structure for table `seats`
--

CREATE TABLE `seats` (
  `seat_id` int(11) NOT NULL,
  `seat_type` varchar(50) COLLATE utf8mb4_vietnamese_ci DEFAULT NULL,
  `room_id` int(11) DEFAULT NULL,
  `seat_row` text COLLATE utf8mb4_vietnamese_ci,
  `seat_number` int(11) DEFAULT NULL
) ENGINE=InnoDB DEFAULT CHARSET=utf8mb4 COLLATE=utf8mb4_vietnamese_ci;

--
-- Dumping data for table `seats`
--

INSERT INTO `seats` (`seat_id`, `seat_type`, `room_id`, `seat_row`, `seat_number`) VALUES
(1, 'Thường', 1, 'A', 1),
(2, 'Thường', 1, 'A', 2),
(3, 'Thường', 1, 'A', 3),
(4, 'Thường', 1, 'A', 4),
(5, 'Thường', 1, 'A', 5),
(6, 'Thường', 1, 'A', 6),
(7, 'Thường', 1, 'A', 7),
(8, 'Thường', 1, 'A', 8),
(9, 'Thường', 1, 'A', 9),
(10, 'Thường', 1, 'A', 10),
(11, 'Thường', 1, 'B', 1),
(12, 'Thường', 1, 'B', 2),
(13, 'Thường', 1, 'B', 3),
(14, 'Thường', 1, 'B', 4),
(15, 'Thường', 1, 'B', 5),
(16, 'Thường', 1, 'B', 6),
(17, 'Thường', 1, 'B', 7),
(18, 'Thường', 1, 'B', 8),
(19, 'Thường', 1, 'B', 9),
(20, 'Thường', 1, 'B', 10),
(21, 'Thường', 1, 'C', 1),
(22, 'Thường', 1, 'C', 2),
(23, 'Thường', 1, 'C', 3),
(24, 'Thường', 1, 'C', 4),
(25, 'Thường', 1, 'C', 5),
(26, 'Thường', 1, 'C', 6),
(27, 'Thường', 1, 'C', 7),
(28, 'Thường', 1, 'C', 8),
(29, 'Thường', 1, 'C', 9),
(30, 'Thường', 1, 'C', 10),
(31, 'Thường', 1, 'D', 1),
(32, 'Thường', 1, 'D', 2),
(33, 'Thường', 1, 'D', 3),
(34, 'Thường', 1, 'D', 4),
(35, 'Thường', 1, 'D', 5),
(36, 'Thường', 1, 'D', 6),
(37, 'Thường', 1, 'D', 7),
(38, 'Thường', 1, 'D', 8),
(39, 'Thường', 1, 'D', 9),
(40, 'Thường', 1, 'D', 10),
(41, 'VIP', 1, 'E', 1),
(42, 'VIP', 1, 'E', 2),
(43, 'VIP', 1, 'E', 3),
(44, 'VIP', 1, 'E', 4),
(45, 'VIP', 1, 'E', 5),
(46, 'VIP', 1, 'E', 6),
(47, 'VIP', 1, 'E', 7),
(48, 'VIP', 1, 'E', 8),
(49, 'VIP', 1, 'E', 9),
(50, 'VIP', 1, 'E', 10),
(51, 'VIP', 1, 'F', 1),
(52, 'VIP', 1, 'F', 2),
(53, 'VIP', 1, 'F', 3),
(54, 'VIP', 1, 'F', 4),
(55, 'VIP', 1, 'F', 5),
(56, 'VIP', 1, 'F', 6),
(57, 'VIP', 1, 'F', 7),
(58, 'VIP', 1, 'F', 8),
(59, 'VIP', 1, 'F', 9),
(60, 'VIP', 1, 'F', 10),
(61, 'Thường', 1, 'G', 1),
(62, 'Thường', 1, 'G', 2),
(63, 'Thường', 1, 'G', 3),
(64, 'Thường', 1, 'G', 4),
(65, 'Thường', 1, 'G', 5),
(66, 'Thường', 1, 'G', 6),
(67, 'Thường', 1, 'G', 7),
(68, 'Thường', 1, 'G', 8),
(69, 'Thường', 1, 'G', 9),
(70, 'Thường', 1, 'G', 10),
(71, 'Couple', 1, 'H', 1),
(72, 'Couple', 1, 'H', 2),
(73, 'Couple', 1, 'H', 3),
(74, 'Couple', 1, 'H', 4),
(75, 'Couple', 1, 'H', 5),
(76, 'Couple', 1, 'H', 6),
(77, 'Couple', 1, 'H', 7),
(78, 'Couple', 1, 'H', 8),
(79, 'Couple', 1, 'H', 9),
(80, 'Couple', 1, 'H', 10),
(81, 'Couple', 1, 'I', 1),
(82, 'Couple', 1, 'I', 2),
(83, 'Couple', 1, 'I', 3),
(84, 'Couple', 1, 'I', 4),
(85, 'Couple', 1, 'I', 5),
(86, 'Couple', 1, 'I', 6),
(87, 'Couple', 1, 'I', 7),
(88, 'Couple', 1, 'I', 8),
(89, 'Couple', 1, 'I', 9),
(90, 'Couple', 1, 'I', 10),
(91, 'Thường', 2, 'A', 1),
(92, 'Thường', 2, 'A', 2),
(93, 'Thường', 2, 'A', 3),
(94, 'Thường', 2, 'A', 4),
(95, 'Thường', 2, 'A', 5),
(96, 'Thường', 2, 'A', 6),
(97, 'Thường', 2, 'A', 7),
(98, 'Thường', 2, 'A', 8),
(99, 'Thường', 2, 'A', 9),
(100, 'Thường', 2, 'A', 10),
(101, 'Thường', 2, 'B', 1),
(102, 'Thường', 2, 'B', 2),
(103, 'Thường', 2, 'B', 3),
(104, 'Thường', 2, 'B', 4),
(105, 'Thường', 2, 'B', 5),
(106, 'Thường', 2, 'B', 6),
(107, 'Thường', 2, 'B', 7),
(108, 'Thường', 2, 'B', 8),
(109, 'Thường', 2, 'B', 9),
(110, 'Thường', 2, 'B', 10),
(111, 'Thường', 2, 'C', 1),
(112, 'Thường', 2, 'C', 2),
(113, 'Thường', 2, 'C', 3),
(114, 'Thường', 2, 'C', 4),
(115, 'Thường', 2, 'C', 5),
(116, 'Thường', 2, 'C', 6),
(117, 'Thường', 2, 'C', 7),
(118, 'Thường', 2, 'C', 8),
(119, 'Thường', 2, 'C', 9),
(120, 'Thường', 2, 'C', 10),
(121, 'Thường', 2, 'D', 1),
(122, 'Thường', 2, 'D', 2),
(123, 'Thường', 2, 'D', 3),
(124, 'Thường', 2, 'D', 4),
(125, 'Thường', 2, 'D', 5),
(126, 'Thường', 2, 'D', 6),
(127, 'Thường', 2, 'D', 7),
(128, 'Thường', 2, 'D', 8),
(129, 'Thường', 2, 'D', 9),
(130, 'Thường', 2, 'D', 10),
(131, 'VIP', 2, 'E', 1),
(132, 'VIP', 2, 'E', 2),
(133, 'VIP', 2, 'E', 3),
(134, 'VIP', 2, 'E', 4),
(135, 'VIP', 2, 'E', 5),
(136, 'VIP', 2, 'E', 6),
(137, 'VIP', 2, 'E', 7),
(138, 'VIP', 2, 'E', 8),
(139, 'VIP', 2, 'E', 9),
(140, 'VIP', 2, 'E', 10),
(141, 'VIP', 2, 'F', 1),
(142, 'VIP', 2, 'F', 2),
(143, 'VIP', 2, 'F', 3),
(144, 'VIP', 2, 'F', 4),
(145, 'VIP', 2, 'F', 5),
(146, 'VIP', 2, 'F', 6),
(147, 'VIP', 2, 'F', 7),
(148, 'VIP', 2, 'F', 8),
(149, 'VIP', 2, 'F', 9),
(150, 'VIP', 2, 'F', 10),
(151, 'Thường', 2, 'G', 1),
(152, 'Thường', 2, 'G', 2),
(153, 'Thường', 2, 'G', 3),
(154, 'Thường', 2, 'G', 4),
(155, 'Thường', 2, 'G', 5),
(156, 'Thường', 2, 'G', 6),
(157, 'Thường', 2, 'G', 7),
(158, 'Thường', 2, 'G', 8),
(159, 'Thường', 2, 'G', 9),
(160, 'Thường', 2, 'G', 10),
(161, 'Couple', 2, 'H', 1),
(162, 'Couple', 2, 'H', 2),
(163, 'Couple', 2, 'H', 3),
(164, 'Couple', 2, 'H', 4),
(165, 'Couple', 2, 'H', 5),
(166, 'Couple', 2, 'H', 6),
(167, 'Couple', 2, 'H', 7),
(168, 'Couple', 2, 'H', 8),
(169, 'Couple', 2, 'H', 9),
(170, 'Couple', 2, 'H', 10),
(171, 'Couple', 2, 'I', 1),
(172, 'Couple', 2, 'I', 2),
(173, 'Couple', 2, 'I', 3),
(174, 'Couple', 2, 'I', 4),
(175, 'Couple', 2, 'I', 5),
(176, 'Couple', 2, 'I', 6),
(177, 'Couple', 2, 'I', 7),
(178, 'Couple', 2, 'I', 8),
(179, 'Couple', 2, 'I', 9),
(180, 'Couple', 2, 'I', 10),
(181, 'Thường', 3, 'A', 1),
(182, 'Thường', 3, 'A', 2),
(183, 'Thường', 3, 'A', 3),
(184, 'Thường', 3, 'A', 4),
(185, 'Thường', 3, 'A', 5),
(186, 'Thường', 3, 'A', 6),
(187, 'Thường', 3, 'A', 7),
(188, 'Thường', 3, 'A', 8),
(189, 'Thường', 3, 'A', 9),
(190, 'Thường', 3, 'A', 10),
(191, 'Thường', 3, 'B', 1),
(192, 'Thường', 3, 'B', 2),
(193, 'Thường', 3, 'B', 3),
(194, 'Thường', 3, 'B', 4),
(195, 'Thường', 3, 'B', 5),
(196, 'Thường', 3, 'B', 6),
(197, 'Thường', 3, 'B', 7),
(198, 'Thường', 3, 'B', 8),
(199, 'Thường', 3, 'B', 9),
(200, 'Thường', 3, 'B', 10),
(201, 'Thường', 3, 'C', 1),
(202, 'Thường', 3, 'C', 2),
(203, 'Thường', 3, 'C', 3),
(204, 'Thường', 3, 'C', 4),
(205, 'Thường', 3, 'C', 5),
(206, 'Thường', 3, 'C', 6),
(207, 'Thường', 3, 'C', 7),
(208, 'Thường', 3, 'C', 8),
(209, 'Thường', 3, 'C', 9),
(210, 'Thường', 3, 'C', 10),
(211, 'Thường', 3, 'D', 1),
(212, 'Thường', 3, 'D', 2),
(213, 'Thường', 3, 'D', 3),
(214, 'Thường', 3, 'D', 4),
(215, 'Thường', 3, 'D', 5),
(216, 'Thường', 3, 'D', 6),
(217, 'Thường', 3, 'D', 7),
(218, 'Thường', 3, 'D', 8),
(219, 'Thường', 3, 'D', 9),
(220, 'Thường', 3, 'D', 10),
(221, 'VIP', 3, 'E', 1),
(222, 'VIP', 3, 'E', 2),
(223, 'VIP', 3, 'E', 3),
(224, 'VIP', 3, 'E', 4),
(225, 'VIP', 3, 'E', 5),
(226, 'VIP', 3, 'E', 6),
(227, 'VIP', 3, 'E', 7),
(228, 'VIP', 3, 'E', 8),
(229, 'VIP', 3, 'E', 9),
(230, 'VIP', 3, 'E', 10),
(231, 'VIP', 3, 'F', 1),
(232, 'VIP', 3, 'F', 2),
(233, 'VIP', 3, 'F', 3),
(234, 'VIP', 3, 'F', 4),
(235, 'VIP', 3, 'F', 5),
(236, 'VIP', 3, 'F', 6),
(237, 'VIP', 3, 'F', 7),
(238, 'VIP', 3, 'F', 8),
(239, 'VIP', 3, 'F', 9),
(240, 'VIP', 3, 'F', 10),
(241, 'Thường', 3, 'G', 1),
(242, 'Thường', 3, 'G', 2),
(243, 'Thường', 3, 'G', 3),
(244, 'Thường', 3, 'G', 4),
(245, 'Thường', 3, 'G', 5),
(246, 'Thường', 3, 'G', 6),
(247, 'Thường', 3, 'G', 7),
(248, 'Thường', 3, 'G', 8),
(249, 'Thường', 3, 'G', 9),
(250, 'Thường', 3, 'G', 10),
(251, 'Couple', 3, 'H', 1),
(252, 'Couple', 3, 'H', 2),
(253, 'Couple', 3, 'H', 3),
(254, 'Couple', 3, 'H', 4),
(255, 'Couple', 3, 'H', 5),
(256, 'Couple', 3, 'H', 6),
(257, 'Couple', 3, 'H', 7),
(258, 'Couple', 3, 'H', 8),
(259, 'Couple', 3, 'H', 9),
(260, 'Couple', 3, 'H', 10),
(261, 'Couple', 3, 'I', 1),
(262, 'Couple', 3, 'I', 2),
(263, 'Couple', 3, 'I', 3),
(264, 'Couple', 3, 'I', 4),
(265, 'Couple', 3, 'I', 5),
(266, 'Couple', 3, 'I', 6),
(267, 'Couple', 3, 'I', 7),
(268, 'Couple', 3, 'I', 8),
(269, 'Couple', 3, 'I', 9),
(270, 'Couple', 3, 'I', 10),
(271, 'Thường', 4, 'A', 1),
(272, 'Thường', 4, 'A', 2),
(273, 'Thường', 4, 'A', 3),
(274, 'Thường', 4, 'A', 4),
(275, 'Thường', 4, 'A', 5),
(276, 'Thường', 4, 'A', 6),
(277, 'Thường', 4, 'A', 7),
(278, 'Thường', 4, 'A', 8),
(279, 'Thường', 4, 'A', 9),
(280, 'Thường', 4, 'A', 10),
(281, 'Thường', 4, 'B', 1),
(282, 'Thường', 4, 'B', 2),
(283, 'Thường', 4, 'B', 3),
(284, 'Thường', 4, 'B', 4),
(285, 'Thường', 4, 'B', 5),
(286, 'Thường', 4, 'B', 6),
(287, 'Thường', 4, 'B', 7),
(288, 'Thường', 4, 'B', 8),
(289, 'Thường', 4, 'B', 9),
(290, 'Thường', 4, 'B', 10),
(291, 'Thường', 4, 'C', 1),
(292, 'Thường', 4, 'C', 2),
(293, 'Thường', 4, 'C', 3),
(294, 'Thường', 4, 'C', 4),
(295, 'Thường', 4, 'C', 5),
(296, 'Thường', 4, 'C', 6),
(297, 'Thường', 4, 'C', 7),
(298, 'Thường', 4, 'C', 8),
(299, 'Thường', 4, 'C', 9),
(300, 'Thường', 4, 'C', 10),
(301, 'Thường', 4, 'D', 1),
(302, 'Thường', 4, 'D', 2),
(303, 'Thường', 4, 'D', 3),
(304, 'Thường', 4, 'D', 4),
(305, 'Thường', 4, 'D', 5),
(306, 'Thường', 4, 'D', 6),
(307, 'Thường', 4, 'D', 7),
(308, 'Thường', 4, 'D', 8),
(309, 'Thường', 4, 'D', 9),
(310, 'Thường', 4, 'D', 10),
(311, 'VIP', 4, 'E', 1),
(312, 'VIP', 4, 'E', 2),
(313, 'VIP', 4, 'E', 3),
(314, 'VIP', 4, 'E', 4),
(315, 'VIP', 4, 'E', 5),
(316, 'VIP', 4, 'E', 6),
(317, 'VIP', 4, 'E', 7),
(318, 'VIP', 4, 'E', 8),
(319, 'VIP', 4, 'E', 9),
(320, 'VIP', 4, 'E', 10),
(321, 'VIP', 4, 'F', 1),
(322, 'VIP', 4, 'F', 2),
(323, 'VIP', 4, 'F', 3),
(324, 'VIP', 4, 'F', 4),
(325, 'VIP', 4, 'F', 5),
(326, 'VIP', 4, 'F', 6),
(327, 'VIP', 4, 'F', 7),
(328, 'VIP', 4, 'F', 8),
(329, 'VIP', 4, 'F', 9),
(330, 'VIP', 4, 'F', 10),
(331, 'Thường', 4, 'G', 1),
(332, 'Thường', 4, 'G', 2),
(333, 'Thường', 4, 'G', 3),
(334, 'Thường', 4, 'G', 4),
(335, 'Thường', 4, 'G', 5),
(336, 'Thường', 4, 'G', 6),
(337, 'Thường', 4, 'G', 7),
(338, 'Thường', 4, 'G', 8),
(339, 'Thường', 4, 'G', 9),
(340, 'Thường', 4, 'G', 10),
(341, 'Couple', 4, 'H', 1),
(342, 'Couple', 4, 'H', 2),
(343, 'Couple', 4, 'H', 3),
(344, 'Couple', 4, 'H', 4),
(345, 'Couple', 4, 'H', 5),
(346, 'Couple', 4, 'H', 6),
(347, 'Couple', 4, 'H', 7),
(348, 'Couple', 4, 'H', 8),
(349, 'Couple', 4, 'H', 9),
(350, 'Couple', 4, 'H', 10),
(351, 'Couple', 4, 'I', 1),
(352, 'Couple', 4, 'I', 2),
(353, 'Couple', 4, 'I', 3),
(354, 'Couple', 4, 'I', 4),
(355, 'Couple', 4, 'I', 5),
(356, 'Couple', 4, 'I', 6),
(357, 'Couple', 4, 'I', 7),
(358, 'Couple', 4, 'I', 8),
(359, 'Couple', 4, 'I', 9),
(360, 'Couple', 4, 'I', 10),
(361, 'Thường', 5, 'A', 1),
(362, 'Thường', 5, 'A', 2),
(363, 'Thường', 5, 'A', 3),
(364, 'Thường', 5, 'A', 4),
(365, 'Thường', 5, 'A', 5),
(366, 'Thường', 5, 'A', 6),
(367, 'Thường', 5, 'A', 7),
(368, 'Thường', 5, 'A', 8),
(369, 'Thường', 5, 'A', 9),
(370, 'Thường', 5, 'A', 10),
(371, 'Thường', 5, 'B', 1),
(372, 'Thường', 5, 'B', 2),
(373, 'Thường', 5, 'B', 3),
(374, 'Thường', 5, 'B', 4),
(375, 'Thường', 5, 'B', 5),
(376, 'Thường', 5, 'B', 6),
(377, 'Thường', 5, 'B', 7),
(378, 'Thường', 5, 'B', 8),
(379, 'Thường', 5, 'B', 9),
(380, 'Thường', 5, 'B', 10),
(381, 'Thường', 5, 'C', 1),
(382, 'Thường', 5, 'C', 2),
(383, 'Thường', 5, 'C', 3),
(384, 'Thường', 5, 'C', 4),
(385, 'Thường', 5, 'C', 5),
(386, 'Thường', 5, 'C', 6),
(387, 'Thường', 5, 'C', 7),
(388, 'Thường', 5, 'C', 8),
(389, 'Thường', 5, 'C', 9),
(390, 'Thường', 5, 'C', 10),
(391, 'Thường', 5, 'D', 1),
(392, 'Thường', 5, 'D', 2),
(393, 'Thường', 5, 'D', 3),
(394, 'Thường', 5, 'D', 4),
(395, 'Thường', 5, 'D', 5),
(396, 'Thường', 5, 'D', 6),
(397, 'Thường', 5, 'D', 7),
(398, 'Thường', 5, 'D', 8),
(399, 'Thường', 5, 'D', 9),
(400, 'Thường', 5, 'D', 10),
(401, 'VIP', 5, 'E', 1),
(402, 'VIP', 5, 'E', 2),
(403, 'VIP', 5, 'E', 3),
(404, 'VIP', 5, 'E', 4),
(405, 'VIP', 5, 'E', 5),
(406, 'VIP', 5, 'E', 6),
(407, 'VIP', 5, 'E', 7),
(408, 'VIP', 5, 'E', 8),
(409, 'VIP', 5, 'E', 9),
(410, 'VIP', 5, 'E', 10),
(411, 'VIP', 5, 'F', 1),
(412, 'VIP', 5, 'F', 2),
(413, 'VIP', 5, 'F', 3),
(414, 'VIP', 5, 'F', 4),
(415, 'VIP', 5, 'F', 5),
(416, 'VIP', 5, 'F', 6),
(417, 'VIP', 5, 'F', 7),
(418, 'VIP', 5, 'F', 8),
(419, 'VIP', 5, 'F', 9),
(420, 'VIP', 5, 'F', 10),
(421, 'Thường', 5, 'G', 1),
(422, 'Thường', 5, 'G', 2),
(423, 'Thường', 5, 'G', 3),
(424, 'Thường', 5, 'G', 4),
(425, 'Thường', 5, 'G', 5),
(426, 'Thường', 5, 'G', 6),
(427, 'Thường', 5, 'G', 7),
(428, 'Thường', 5, 'G', 8),
(429, 'Thường', 5, 'G', 9),
(430, 'Thường', 5, 'G', 10),
(431, 'Couple', 5, 'H', 1),
(432, 'Couple', 5, 'H', 2),
(433, 'Couple', 5, 'H', 3),
(434, 'Couple', 5, 'H', 4),
(435, 'Couple', 5, 'H', 5),
(436, 'Couple', 5, 'H', 6),
(437, 'Couple', 5, 'H', 7),
(438, 'Couple', 5, 'H', 8),
(439, 'Couple', 5, 'H', 9),
(440, 'Couple', 5, 'H', 10),
(441, 'Couple', 5, 'I', 1),
(442, 'Couple', 5, 'I', 2),
(443, 'Couple', 5, 'I', 3),
(444, 'Couple', 5, 'I', 4),
(445, 'Couple', 5, 'I', 5),
(446, 'Couple', 5, 'I', 6),
(447, 'Couple', 5, 'I', 7),
(448, 'Couple', 5, 'I', 8),
(449, 'Couple', 5, 'I', 9),
(450, 'Couple', 5, 'I', 10),
(451, 'Thường', 6, 'A', 1),
(452, 'Thường', 6, 'A', 2),
(453, 'Thường', 6, 'A', 3),
(454, 'Thường', 6, 'A', 4),
(455, 'Thường', 6, 'A', 5),
(456, 'Thường', 6, 'A', 6),
(457, 'Thường', 6, 'A', 7),
(458, 'Thường', 6, 'A', 8),
(459, 'Thường', 6, 'A', 9),
(460, 'Thường', 6, 'A', 10),
(461, 'Thường', 6, 'B', 1),
(462, 'Thường', 6, 'B', 2),
(463, 'Thường', 6, 'B', 3),
(464, 'Thường', 6, 'B', 4),
(465, 'Thường', 6, 'B', 5),
(466, 'Thường', 6, 'B', 6),
(467, 'Thường', 6, 'B', 7),
(468, 'Thường', 6, 'B', 8),
(469, 'Thường', 6, 'B', 9),
(470, 'Thường', 6, 'B', 10),
(471, 'Thường', 6, 'C', 1),
(472, 'Thường', 6, 'C', 2),
(473, 'Thường', 6, 'C', 3),
(474, 'Thường', 6, 'C', 4),
(475, 'Thường', 6, 'C', 5),
(476, 'Thường', 6, 'C', 6),
(477, 'Thường', 6, 'C', 7),
(478, 'Thường', 6, 'C', 8),
(479, 'Thường', 6, 'C', 9),
(480, 'Thường', 6, 'C', 10),
(481, 'Thường', 6, 'D', 1),
(482, 'Thường', 6, 'D', 2),
(483, 'Thường', 6, 'D', 3),
(484, 'Thường', 6, 'D', 4),
(485, 'Thường', 6, 'D', 5),
(486, 'Thường', 6, 'D', 6),
(487, 'Thường', 6, 'D', 7),
(488, 'Thường', 6, 'D', 8),
(489, 'Thường', 6, 'D', 9),
(490, 'Thường', 6, 'D', 10),
(491, 'VIP', 6, 'E', 1),
(492, 'VIP', 6, 'E', 2),
(493, 'VIP', 6, 'E', 3),
(494, 'VIP', 6, 'E', 4),
(495, 'VIP', 6, 'E', 5),
(496, 'VIP', 6, 'E', 6),
(497, 'VIP', 6, 'E', 7),
(498, 'VIP', 6, 'E', 8),
(499, 'VIP', 6, 'E', 9),
(500, 'VIP', 6, 'E', 10),
(501, 'VIP', 6, 'F', 1),
(502, 'VIP', 6, 'F', 2),
(503, 'VIP', 6, 'F', 3),
(504, 'VIP', 6, 'F', 4),
(505, 'VIP', 6, 'F', 5),
(506, 'VIP', 6, 'F', 6),
(507, 'VIP', 6, 'F', 7),
(508, 'VIP', 6, 'F', 8),
(509, 'VIP', 6, 'F', 9),
(510, 'VIP', 6, 'F', 10),
(511, 'Thường', 6, 'G', 1),
(512, 'Thường', 6, 'G', 2),
(513, 'Thường', 6, 'G', 3),
(514, 'Thường', 6, 'G', 4),
(515, 'Thường', 6, 'G', 5),
(516, 'Thường', 6, 'G', 6),
(517, 'Thường', 6, 'G', 7),
(518, 'Thường', 6, 'G', 8),
(519, 'Thường', 6, 'G', 9),
(520, 'Thường', 6, 'G', 10),
(521, 'Couple', 6, 'H', 1),
(522, 'Couple', 6, 'H', 2),
(523, 'Couple', 6, 'H', 3),
(524, 'Couple', 6, 'H', 4),
(525, 'Couple', 6, 'H', 5),
(526, 'Couple', 6, 'H', 6),
(527, 'Couple', 6, 'H', 7),
(528, 'Couple', 6, 'H', 8),
(529, 'Couple', 6, 'H', 9),
(530, 'Couple', 6, 'H', 10),
(531, 'Couple', 6, 'I', 1),
(532, 'Couple', 6, 'I', 2),
(533, 'Couple', 6, 'I', 3),
(534, 'Couple', 6, 'I', 4),
(535, 'Couple', 6, 'I', 5),
(536, 'Couple', 6, 'I', 6),
(537, 'Couple', 6, 'I', 7),
(538, 'Couple', 6, 'I', 8),
(539, 'Couple', 6, 'I', 9),
(540, 'Couple', 6, 'I', 10),
(541, 'Thường', 7, 'A', 1),
(542, 'Thường', 7, 'A', 2),
(543, 'Thường', 7, 'A', 3),
(544, 'Thường', 7, 'A', 4),
(545, 'Thường', 7, 'A', 5),
(546, 'Thường', 7, 'A', 6),
(547, 'Thường', 7, 'A', 7),
(548, 'Thường', 7, 'A', 8),
(549, 'Thường', 7, 'A', 9),
(550, 'Thường', 7, 'A', 10),
(551, 'Thường', 7, 'B', 1),
(552, 'Thường', 7, 'B', 2),
(553, 'Thường', 7, 'B', 3),
(554, 'Thường', 7, 'B', 4),
(555, 'Thường', 7, 'B', 5),
(556, 'Thường', 7, 'B', 6),
(557, 'Thường', 7, 'B', 7),
(558, 'Thường', 7, 'B', 8),
(559, 'Thường', 7, 'B', 9),
(560, 'Thường', 7, 'B', 10),
(561, 'Thường', 7, 'C', 1),
(562, 'Thường', 7, 'C', 2),
(563, 'Thường', 7, 'C', 3),
(564, 'Thường', 7, 'C', 4),
(565, 'Thường', 7, 'C', 5),
(566, 'Thường', 7, 'C', 6),
(567, 'Thường', 7, 'C', 7),
(568, 'Thường', 7, 'C', 8),
(569, 'Thường', 7, 'C', 9),
(570, 'Thường', 7, 'C', 10),
(571, 'Thường', 7, 'D', 1),
(572, 'Thường', 7, 'D', 2),
(573, 'Thường', 7, 'D', 3),
(574, 'Thường', 7, 'D', 4),
(575, 'Thường', 7, 'D', 5),
(576, 'Thường', 7, 'D', 6),
(577, 'Thường', 7, 'D', 7),
(578, 'Thường', 7, 'D', 8),
(579, 'Thường', 7, 'D', 9),
(580, 'Thường', 7, 'D', 10),
(581, 'VIP', 7, 'E', 1),
(582, 'VIP', 7, 'E', 2),
(583, 'VIP', 7, 'E', 3),
(584, 'VIP', 7, 'E', 4),
(585, 'VIP', 7, 'E', 5),
(586, 'VIP', 7, 'E', 6),
(587, 'VIP', 7, 'E', 7),
(588, 'VIP', 7, 'E', 8),
(589, 'VIP', 7, 'E', 9),
(590, 'VIP', 7, 'E', 10),
(591, 'VIP', 7, 'F', 1),
(592, 'VIP', 7, 'F', 2),
(593, 'VIP', 7, 'F', 3),
(594, 'VIP', 7, 'F', 4),
(595, 'VIP', 7, 'F', 5),
(596, 'VIP', 7, 'F', 6),
(597, 'VIP', 7, 'F', 7),
(598, 'VIP', 7, 'F', 8),
(599, 'VIP', 7, 'F', 9),
(600, 'VIP', 7, 'F', 10),
(601, 'Thường', 7, 'G', 1),
(602, 'Thường', 7, 'G', 2),
(603, 'Thường', 7, 'G', 3),
(604, 'Thường', 7, 'G', 4),
(605, 'Thường', 7, 'G', 5),
(606, 'Thường', 7, 'G', 6),
(607, 'Thường', 7, 'G', 7),
(608, 'Thường', 7, 'G', 8),
(609, 'Thường', 7, 'G', 9),
(610, 'Thường', 7, 'G', 10),
(611, 'Couple', 7, 'H', 1),
(612, 'Couple', 7, 'H', 2),
(613, 'Couple', 7, 'H', 3),
(614, 'Couple', 7, 'H', 4),
(615, 'Couple', 7, 'H', 5),
(616, 'Couple', 7, 'H', 6),
(617, 'Couple', 7, 'H', 7),
(618, 'Couple', 7, 'H', 8),
(619, 'Couple', 7, 'H', 9),
(620, 'Couple', 7, 'H', 10),
(621, 'Couple', 7, 'I', 1),
(622, 'Couple', 7, 'I', 2),
(623, 'Couple', 7, 'I', 3),
(624, 'Couple', 7, 'I', 4),
(625, 'Couple', 7, 'I', 5),
(626, 'Couple', 7, 'I', 6),
(627, 'Couple', 7, 'I', 7),
(628, 'Couple', 7, 'I', 8),
(629, 'Couple', 7, 'I', 9),
(630, 'Couple', 7, 'I', 10),
(631, 'Thường', 8, 'A', 1),
(632, 'Thường', 8, 'A', 2),
(633, 'Thường', 8, 'A', 3),
(634, 'Thường', 8, 'A', 4),
(635, 'Thường', 8, 'A', 5),
(636, 'Thường', 8, 'A', 6),
(637, 'Thường', 8, 'A', 7),
(638, 'Thường', 8, 'A', 8),
(639, 'Thường', 8, 'A', 9),
(640, 'Thường', 8, 'A', 10),
(641, 'Thường', 8, 'B', 1),
(642, 'Thường', 8, 'B', 2),
(643, 'Thường', 8, 'B', 3),
(644, 'Thường', 8, 'B', 4),
(645, 'Thường', 8, 'B', 5),
(646, 'Thường', 8, 'B', 6),
(647, 'Thường', 8, 'B', 7),
(648, 'Thường', 8, 'B', 8),
(649, 'Thường', 8, 'B', 9),
(650, 'Thường', 8, 'B', 10),
(651, 'Thường', 8, 'C', 1),
(652, 'Thường', 8, 'C', 2),
(653, 'Thường', 8, 'C', 3),
(654, 'Thường', 8, 'C', 4),
(655, 'Thường', 8, 'C', 5),
(656, 'Thường', 8, 'C', 6),
(657, 'Thường', 8, 'C', 7),
(658, 'Thường', 8, 'C', 8),
(659, 'Thường', 8, 'C', 9),
(660, 'Thường', 8, 'C', 10),
(661, 'Thường', 8, 'D', 1),
(662, 'Thường', 8, 'D', 2),
(663, 'Thường', 8, 'D', 3),
(664, 'Thường', 8, 'D', 4),
(665, 'Thường', 8, 'D', 5),
(666, 'Thường', 8, 'D', 6),
(667, 'Thường', 8, 'D', 7),
(668, 'Thường', 8, 'D', 8),
(669, 'Thường', 8, 'D', 9),
(670, 'Thường', 8, 'D', 10),
(671, 'VIP', 8, 'E', 1),
(672, 'VIP', 8, 'E', 2),
(673, 'VIP', 8, 'E', 3),
(674, 'VIP', 8, 'E', 4),
(675, 'VIP', 8, 'E', 5),
(676, 'VIP', 8, 'E', 6),
(677, 'VIP', 8, 'E', 7),
(678, 'VIP', 8, 'E', 8),
(679, 'VIP', 8, 'E', 9),
(680, 'VIP', 8, 'E', 10),
(681, 'VIP', 8, 'F', 1),
(682, 'VIP', 8, 'F', 2),
(683, 'VIP', 8, 'F', 3),
(684, 'VIP', 8, 'F', 4),
(685, 'VIP', 8, 'F', 5),
(686, 'VIP', 8, 'F', 6),
(687, 'VIP', 8, 'F', 7),
(688, 'VIP', 8, 'F', 8),
(689, 'VIP', 8, 'F', 9),
(690, 'VIP', 8, 'F', 10),
(691, 'Thường', 8, 'G', 1),
(692, 'Thường', 8, 'G', 2),
(693, 'Thường', 8, 'G', 3),
(694, 'Thường', 8, 'G', 4),
(695, 'Thường', 8, 'G', 5),
(696, 'Thường', 8, 'G', 6),
(697, 'Thường', 8, 'G', 7),
(698, 'Thường', 8, 'G', 8),
(699, 'Thường', 8, 'G', 9),
(700, 'Thường', 8, 'G', 10),
(701, 'Couple', 8, 'H', 1),
(702, 'Couple', 8, 'H', 2),
(703, 'Couple', 8, 'H', 3),
(704, 'Couple', 8, 'H', 4),
(705, 'Couple', 8, 'H', 5),
(706, 'Couple', 8, 'H', 6),
(707, 'Couple', 8, 'H', 7),
(708, 'Couple', 8, 'H', 8),
(709, 'Couple', 8, 'H', 9),
(710, 'Couple', 8, 'H', 10),
(711, 'Couple', 8, 'I', 1),
(712, 'Couple', 8, 'I', 2),
(713, 'Couple', 8, 'I', 3),
(714, 'Couple', 8, 'I', 4),
(715, 'Couple', 8, 'I', 5),
(716, 'Couple', 8, 'I', 6),
(717, 'Couple', 8, 'I', 7),
(718, 'Couple', 8, 'I', 8),
(719, 'Couple', 8, 'I', 9),
(720, 'Couple', 8, 'I', 10),
(721, 'Thường', 9, 'A', 1),
(722, 'Thường', 9, 'A', 2),
(723, 'Thường', 9, 'A', 3),
(724, 'Thường', 9, 'A', 4),
(725, 'Thường', 9, 'A', 5),
(726, 'Thường', 9, 'A', 6),
(727, 'Thường', 9, 'A', 7),
(728, 'Thường', 9, 'A', 8),
(729, 'Thường', 9, 'A', 9),
(730, 'Thường', 9, 'A', 10),
(731, 'Thường', 9, 'B', 1),
(732, 'Thường', 9, 'B', 2),
(733, 'Thường', 9, 'B', 3),
(734, 'Thường', 9, 'B', 4),
(735, 'Thường', 9, 'B', 5),
(736, 'Thường', 9, 'B', 6),
(737, 'Thường', 9, 'B', 7),
(738, 'Thường', 9, 'B', 8),
(739, 'Thường', 9, 'B', 9),
(740, 'Thường', 9, 'B', 10),
(741, 'Thường', 9, 'C', 1),
(742, 'Thường', 9, 'C', 2),
(743, 'Thường', 9, 'C', 3),
(744, 'Thường', 9, 'C', 4),
(745, 'Thường', 9, 'C', 5),
(746, 'Thường', 9, 'C', 6),
(747, 'Thường', 9, 'C', 7),
(748, 'Thường', 9, 'C', 8),
(749, 'Thường', 9, 'C', 9),
(750, 'Thường', 9, 'C', 10),
(751, 'Thường', 9, 'D', 1),
(752, 'Thường', 9, 'D', 2),
(753, 'Thường', 9, 'D', 3),
(754, 'Thường', 9, 'D', 4),
(755, 'Thường', 9, 'D', 5),
(756, 'Thường', 9, 'D', 6),
(757, 'Thường', 9, 'D', 7),
(758, 'Thường', 9, 'D', 8),
(759, 'Thường', 9, 'D', 9),
(760, 'Thường', 9, 'D', 10),
(761, 'VIP', 9, 'E', 1),
(762, 'VIP', 9, 'E', 2),
(763, 'VIP', 9, 'E', 3),
(764, 'VIP', 9, 'E', 4),
(765, 'VIP', 9, 'E', 5),
(766, 'VIP', 9, 'E', 6),
(767, 'VIP', 9, 'E', 7),
(768, 'VIP', 9, 'E', 8),
(769, 'VIP', 9, 'E', 9),
(770, 'VIP', 9, 'E', 10),
(771, 'VIP', 9, 'F', 1),
(772, 'VIP', 9, 'F', 2),
(773, 'VIP', 9, 'F', 3),
(774, 'VIP', 9, 'F', 4),
(775, 'VIP', 9, 'F', 5),
(776, 'VIP', 9, 'F', 6),
(777, 'VIP', 9, 'F', 7),
(778, 'VIP', 9, 'F', 8),
(779, 'VIP', 9, 'F', 9),
(780, 'VIP', 9, 'F', 10),
(781, 'Thường', 9, 'G', 1),
(782, 'Thường', 9, 'G', 2),
(783, 'Thường', 9, 'G', 3),
(784, 'Thường', 9, 'G', 4),
(785, 'Thường', 9, 'G', 5),
(786, 'Thường', 9, 'G', 6),
(787, 'Thường', 9, 'G', 7),
(788, 'Thường', 9, 'G', 8),
(789, 'Thường', 9, 'G', 9),
(790, 'Thường', 9, 'G', 10),
(791, 'Couple', 9, 'H', 1),
(792, 'Couple', 9, 'H', 2),
(793, 'Couple', 9, 'H', 3),
(794, 'Couple', 9, 'H', 4),
(795, 'Couple', 9, 'H', 5),
(796, 'Couple', 9, 'H', 6),
(797, 'Couple', 9, 'H', 7),
(798, 'Couple', 9, 'H', 8),
(799, 'Couple', 9, 'H', 9),
(800, 'Couple', 9, 'H', 10),
(801, 'Couple', 9, 'I', 1),
(802, 'Couple', 9, 'I', 2),
(803, 'Couple', 9, 'I', 3),
(804, 'Couple', 9, 'I', 4),
(805, 'Couple', 9, 'I', 5),
(806, 'Couple', 9, 'I', 6),
(807, 'Couple', 9, 'I', 7),
(808, 'Couple', 9, 'I', 8),
(809, 'Couple', 9, 'I', 9),
(810, 'Couple', 9, 'I', 10),
(811, 'Thường', 10, 'A', 1),
(812, 'Thường', 10, 'A', 2),
(813, 'Thường', 10, 'A', 3),
(814, 'Thường', 10, 'A', 4),
(815, 'Thường', 10, 'A', 5),
(816, 'Thường', 10, 'A', 6),
(817, 'Thường', 10, 'A', 7),
(818, 'Thường', 10, 'A', 8),
(819, 'Thường', 10, 'A', 9),
(820, 'Thường', 10, 'A', 10),
(821, 'Thường', 10, 'B', 1),
(822, 'Thường', 10, 'B', 2),
(823, 'Thường', 10, 'B', 3),
(824, 'Thường', 10, 'B', 4),
(825, 'Thường', 10, 'B', 5),
(826, 'Thường', 10, 'B', 6),
(827, 'Thường', 10, 'B', 7),
(828, 'Thường', 10, 'B', 8),
(829, 'Thường', 10, 'B', 9),
(830, 'Thường', 10, 'B', 10),
(831, 'Thường', 10, 'C', 1),
(832, 'Thường', 10, 'C', 2),
(833, 'Thường', 10, 'C', 3),
(834, 'Thường', 10, 'C', 4),
(835, 'Thường', 10, 'C', 5),
(836, 'Thường', 10, 'C', 6),
(837, 'Thường', 10, 'C', 7),
(838, 'Thường', 10, 'C', 8),
(839, 'Thường', 10, 'C', 9),
(840, 'Thường', 10, 'C', 10),
(841, 'Thường', 10, 'D', 1),
(842, 'Thường', 10, 'D', 2),
(843, 'Thường', 10, 'D', 3),
(844, 'Thường', 10, 'D', 4),
(845, 'Thường', 10, 'D', 5),
(846, 'Thường', 10, 'D', 6),
(847, 'Thường', 10, 'D', 7),
(848, 'Thường', 10, 'D', 8),
(849, 'Thường', 10, 'D', 9),
(850, 'Thường', 10, 'D', 10),
(851, 'VIP', 10, 'E', 1),
(852, 'VIP', 10, 'E', 2),
(853, 'VIP', 10, 'E', 3),
(854, 'VIP', 10, 'E', 4),
(855, 'VIP', 10, 'E', 5),
(856, 'VIP', 10, 'E', 6),
(857, 'VIP', 10, 'E', 7),
(858, 'VIP', 10, 'E', 8),
(859, 'VIP', 10, 'E', 9),
(860, 'VIP', 10, 'E', 10),
(861, 'VIP', 10, 'F', 1),
(862, 'VIP', 10, 'F', 2),
(863, 'VIP', 10, 'F', 3),
(864, 'VIP', 10, 'F', 4),
(865, 'VIP', 10, 'F', 5),
(866, 'VIP', 10, 'F', 6),
(867, 'VIP', 10, 'F', 7),
(868, 'VIP', 10, 'F', 8),
(869, 'VIP', 10, 'F', 9),
(870, 'VIP', 10, 'F', 10),
(871, 'Thường', 10, 'G', 1),
(872, 'Thường', 10, 'G', 2),
(873, 'Thường', 10, 'G', 3),
(874, 'Thường', 10, 'G', 4),
(875, 'Thường', 10, 'G', 5),
(876, 'Thường', 10, 'G', 6),
(877, 'Thường', 10, 'G', 7),
(878, 'Thường', 10, 'G', 8),
(879, 'Thường', 10, 'G', 9),
(880, 'Thường', 10, 'G', 10),
(881, 'Couple', 10, 'H', 1),
(882, 'Couple', 10, 'H', 2),
(883, 'Couple', 10, 'H', 3),
(884, 'Couple', 10, 'H', 4),
(885, 'Couple', 10, 'H', 5),
(886, 'Couple', 10, 'H', 6),
(887, 'Couple', 10, 'H', 7),
(888, 'Couple', 10, 'H', 8),
(889, 'Couple', 10, 'H', 9),
(890, 'Couple', 10, 'H', 10),
(891, 'Couple', 10, 'I', 1),
(892, 'Couple', 10, 'I', 2),
(893, 'Couple', 10, 'I', 3),
(894, 'Couple', 10, 'I', 4),
(895, 'Couple', 10, 'I', 5),
(896, 'Couple', 10, 'I', 6),
(897, 'Couple', 10, 'I', 7),
(898, 'Couple', 10, 'I', 8),
(899, 'Couple', 10, 'I', 9),
(900, 'Couple', 10, 'I', 10),
(901, 'Thường', 11, 'A', 1),
(902, 'Thường', 11, 'A', 2),
(903, 'Thường', 11, 'A', 3),
(904, 'Thường', 11, 'A', 4),
(905, 'Thường', 11, 'A', 5),
(906, 'Thường', 11, 'A', 6),
(907, 'Thường', 11, 'A', 7),
(908, 'Thường', 11, 'A', 8),
(909, 'Thường', 11, 'A', 9),
(910, 'Thường', 11, 'A', 10),
(911, 'Thường', 11, 'B', 1),
(912, 'Thường', 11, 'B', 2),
(913, 'Thường', 11, 'B', 3),
(914, 'Thường', 11, 'B', 4),
(915, 'Thường', 11, 'B', 5),
(916, 'Thường', 11, 'B', 6),
(917, 'Thường', 11, 'B', 7),
(918, 'Thường', 11, 'B', 8),
(919, 'Thường', 11, 'B', 9),
(920, 'Thường', 11, 'B', 10),
(921, 'Thường', 11, 'C', 1),
(922, 'Thường', 11, 'C', 2),
(923, 'Thường', 11, 'C', 3),
(924, 'Thường', 11, 'C', 4),
(925, 'Thường', 11, 'C', 5),
(926, 'Thường', 11, 'C', 6),
(927, 'Thường', 11, 'C', 7),
(928, 'Thường', 11, 'C', 8),
(929, 'Thường', 11, 'C', 9),
(930, 'Thường', 11, 'C', 10),
(931, 'Thường', 11, 'D', 1),
(932, 'Thường', 11, 'D', 2),
(933, 'Thường', 11, 'D', 3),
(934, 'Thường', 11, 'D', 4),
(935, 'Thường', 11, 'D', 5),
(936, 'Thường', 11, 'D', 6),
(937, 'Thường', 11, 'D', 7),
(938, 'Thường', 11, 'D', 8),
(939, 'Thường', 11, 'D', 9),
(940, 'Thường', 11, 'D', 10),
(941, 'VIP', 11, 'E', 1),
(942, 'VIP', 11, 'E', 2),
(943, 'VIP', 11, 'E', 3),
(944, 'VIP', 11, 'E', 4),
(945, 'VIP', 11, 'E', 5),
(946, 'VIP', 11, 'E', 6),
(947, 'VIP', 11, 'E', 7),
(948, 'VIP', 11, 'E', 8),
(949, 'VIP', 11, 'E', 9),
(950, 'VIP', 11, 'E', 10),
(951, 'VIP', 11, 'F', 1),
(952, 'VIP', 11, 'F', 2),
(953, 'VIP', 11, 'F', 3),
(954, 'VIP', 11, 'F', 4),
(955, 'VIP', 11, 'F', 5),
(956, 'VIP', 11, 'F', 6),
(957, 'VIP', 11, 'F', 7),
(958, 'VIP', 11, 'F', 8),
(959, 'VIP', 11, 'F', 9),
(960, 'VIP', 11, 'F', 10),
(961, 'Thường', 11, 'G', 1),
(962, 'Thường', 11, 'G', 2),
(963, 'Thường', 11, 'G', 3),
(964, 'Thường', 11, 'G', 4),
(965, 'Thường', 11, 'G', 5),
(966, 'Thường', 11, 'G', 6),
(967, 'Thường', 11, 'G', 7),
(968, 'Thường', 11, 'G', 8),
(969, 'Thường', 11, 'G', 9),
(970, 'Thường', 11, 'G', 10),
(971, 'Couple', 11, 'H', 1),
(972, 'Couple', 11, 'H', 2),
(973, 'Couple', 11, 'H', 3),
(974, 'Couple', 11, 'H', 4),
(975, 'Couple', 11, 'H', 5),
(976, 'Couple', 11, 'H', 6),
(977, 'Couple', 11, 'H', 7),
(978, 'Couple', 11, 'H', 8),
(979, 'Couple', 11, 'H', 9),
(980, 'Couple', 11, 'H', 10),
(981, 'Couple', 11, 'I', 1),
(982, 'Couple', 11, 'I', 2),
(983, 'Couple', 11, 'I', 3),
(984, 'Couple', 11, 'I', 4),
(985, 'Couple', 11, 'I', 5),
(986, 'Couple', 11, 'I', 6),
(987, 'Couple', 11, 'I', 7),
(988, 'Couple', 11, 'I', 8),
(989, 'Couple', 11, 'I', 9),
(990, 'Couple', 11, 'I', 10),
(991, 'Thường', 12, 'A', 1),
(992, 'Thường', 12, 'A', 2),
(993, 'Thường', 12, 'A', 3),
(994, 'Thường', 12, 'A', 4),
(995, 'Thường', 12, 'A', 5),
(996, 'Thường', 12, 'A', 6),
(997, 'Thường', 12, 'A', 7),
(998, 'Thường', 12, 'A', 8),
(999, 'Thường', 12, 'A', 9),
(1000, 'Thường', 12, 'A', 10),
(1001, 'Thường', 12, 'B', 1),
(1002, 'Thường', 12, 'B', 2),
(1003, 'Thường', 12, 'B', 3),
(1004, 'Thường', 12, 'B', 4),
(1005, 'Thường', 12, 'B', 5),
(1006, 'Thường', 12, 'B', 6),
(1007, 'Thường', 12, 'B', 7),
(1008, 'Thường', 12, 'B', 8),
(1009, 'Thường', 12, 'B', 9),
(1010, 'Thường', 12, 'B', 10),
(1011, 'Thường', 12, 'C', 1),
(1012, 'Thường', 12, 'C', 2),
(1013, 'Thường', 12, 'C', 3),
(1014, 'Thường', 12, 'C', 4),
(1015, 'Thường', 12, 'C', 5),
(1016, 'Thường', 12, 'C', 6),
(1017, 'Thường', 12, 'C', 7),
(1018, 'Thường', 12, 'C', 8),
(1019, 'Thường', 12, 'C', 9),
(1020, 'Thường', 12, 'C', 10),
(1021, 'Thường', 12, 'D', 1),
(1022, 'Thường', 12, 'D', 2),
(1023, 'Thường', 12, 'D', 3),
(1024, 'Thường', 12, 'D', 4),
(1025, 'Thường', 12, 'D', 5),
(1026, 'Thường', 12, 'D', 6),
(1027, 'Thường', 12, 'D', 7),
(1028, 'Thường', 12, 'D', 8),
(1029, 'Thường', 12, 'D', 9),
(1030, 'Thường', 12, 'D', 10),
(1031, 'VIP', 12, 'E', 1),
(1032, 'VIP', 12, 'E', 2),
(1033, 'VIP', 12, 'E', 3),
(1034, 'VIP', 12, 'E', 4),
(1035, 'VIP', 12, 'E', 5),
(1036, 'VIP', 12, 'E', 6),
(1037, 'VIP', 12, 'E', 7),
(1038, 'VIP', 12, 'E', 8),
(1039, 'VIP', 12, 'E', 9),
(1040, 'VIP', 12, 'E', 10),
(1041, 'VIP', 12, 'F', 1),
(1042, 'VIP', 12, 'F', 2),
(1043, 'VIP', 12, 'F', 3),
(1044, 'VIP', 12, 'F', 4),
(1045, 'VIP', 12, 'F', 5),
(1046, 'VIP', 12, 'F', 6),
(1047, 'VIP', 12, 'F', 7),
(1048, 'VIP', 12, 'F', 8),
(1049, 'VIP', 12, 'F', 9),
(1050, 'VIP', 12, 'F', 10),
(1051, 'Thường', 12, 'G', 1),
(1052, 'Thường', 12, 'G', 2),
(1053, 'Thường', 12, 'G', 3),
(1054, 'Thường', 12, 'G', 4),
(1055, 'Thường', 12, 'G', 5),
(1056, 'Thường', 12, 'G', 6),
(1057, 'Thường', 12, 'G', 7),
(1058, 'Thường', 12, 'G', 8),
(1059, 'Thường', 12, 'G', 9),
(1060, 'Thường', 12, 'G', 10),
(1061, 'Couple', 12, 'H', 1),
(1062, 'Couple', 12, 'H', 2),
(1063, 'Couple', 12, 'H', 3),
(1064, 'Couple', 12, 'H', 4),
(1065, 'Couple', 12, 'H', 5),
(1066, 'Couple', 12, 'H', 6),
(1067, 'Couple', 12, 'H', 7),
(1068, 'Couple', 12, 'H', 8),
(1069, 'Couple', 12, 'H', 9),
(1070, 'Couple', 12, 'H', 10),
(1071, 'Couple', 12, 'I', 1),
(1072, 'Couple', 12, 'I', 2),
(1073, 'Couple', 12, 'I', 3),
(1074, 'Couple', 12, 'I', 4),
(1075, 'Couple', 12, 'I', 5),
(1076, 'Couple', 12, 'I', 6),
(1077, 'Couple', 12, 'I', 7),
(1078, 'Couple', 12, 'I', 8),
(1079, 'Couple', 12, 'I', 9),
(1080, 'Couple', 12, 'I', 10),
(1081, 'Thường', 13, 'A', 1),
(1082, 'Thường', 13, 'A', 2),
(1083, 'Thường', 13, 'A', 3),
(1084, 'Thường', 13, 'A', 4),
(1085, 'Thường', 13, 'A', 5),
(1086, 'Thường', 13, 'A', 6),
(1087, 'Thường', 13, 'A', 7),
(1088, 'Thường', 13, 'A', 8),
(1089, 'Thường', 13, 'A', 9),
(1090, 'Thường', 13, 'A', 10),
(1091, 'Thường', 13, 'B', 1),
(1092, 'Thường', 13, 'B', 2),
(1093, 'Thường', 13, 'B', 3),
(1094, 'Thường', 13, 'B', 4),
(1095, 'Thường', 13, 'B', 5),
(1096, 'Thường', 13, 'B', 6),
(1097, 'Thường', 13, 'B', 7),
(1098, 'Thường', 13, 'B', 8),
(1099, 'Thường', 13, 'B', 9),
(1100, 'Thường', 13, 'B', 10),
(1101, 'Thường', 13, 'C', 1),
(1102, 'Thường', 13, 'C', 2),
(1103, 'Thường', 13, 'C', 3),
(1104, 'Thường', 13, 'C', 4),
(1105, 'Thường', 13, 'C', 5),
(1106, 'Thường', 13, 'C', 6),
(1107, 'Thường', 13, 'C', 7),
(1108, 'Thường', 13, 'C', 8),
(1109, 'Thường', 13, 'C', 9),
(1110, 'Thường', 13, 'C', 10),
(1111, 'Thường', 13, 'D', 1),
(1112, 'Thường', 13, 'D', 2),
(1113, 'Thường', 13, 'D', 3),
(1114, 'Thường', 13, 'D', 4),
(1115, 'Thường', 13, 'D', 5),
(1116, 'Thường', 13, 'D', 6),
(1117, 'Thường', 13, 'D', 7),
(1118, 'Thường', 13, 'D', 8),
(1119, 'Thường', 13, 'D', 9),
(1120, 'Thường', 13, 'D', 10),
(1121, 'VIP', 13, 'E', 1),
(1122, 'VIP', 13, 'E', 2),
(1123, 'VIP', 13, 'E', 3),
(1124, 'VIP', 13, 'E', 4),
(1125, 'VIP', 13, 'E', 5),
(1126, 'VIP', 13, 'E', 6),
(1127, 'VIP', 13, 'E', 7),
(1128, 'VIP', 13, 'E', 8),
(1129, 'VIP', 13, 'E', 9),
(1130, 'VIP', 13, 'E', 10),
(1131, 'VIP', 13, 'F', 1),
(1132, 'VIP', 13, 'F', 2),
(1133, 'VIP', 13, 'F', 3),
(1134, 'VIP', 13, 'F', 4),
(1135, 'VIP', 13, 'F', 5),
(1136, 'VIP', 13, 'F', 6),
(1137, 'VIP', 13, 'F', 7),
(1138, 'VIP', 13, 'F', 8),
(1139, 'VIP', 13, 'F', 9),
(1140, 'VIP', 13, 'F', 10),
(1141, 'Thường', 13, 'G', 1),
(1142, 'Thường', 13, 'G', 2),
(1143, 'Thường', 13, 'G', 3),
(1144, 'Thường', 13, 'G', 4),
(1145, 'Thường', 13, 'G', 5),
(1146, 'Thường', 13, 'G', 6),
(1147, 'Thường', 13, 'G', 7),
(1148, 'Thường', 13, 'G', 8),
(1149, 'Thường', 13, 'G', 9),
(1150, 'Thường', 13, 'G', 10),
(1151, 'Couple', 13, 'H', 1),
(1152, 'Couple', 13, 'H', 2),
(1153, 'Couple', 13, 'H', 3),
(1154, 'Couple', 13, 'H', 4),
(1155, 'Couple', 13, 'H', 5),
(1156, 'Couple', 13, 'H', 6),
(1157, 'Couple', 13, 'H', 7),
(1158, 'Couple', 13, 'H', 8),
(1159, 'Couple', 13, 'H', 9),
(1160, 'Couple', 13, 'H', 10),
(1161, 'Couple', 13, 'I', 1),
(1162, 'Couple', 13, 'I', 2),
(1163, 'Couple', 13, 'I', 3),
(1164, 'Couple', 13, 'I', 4),
(1165, 'Couple', 13, 'I', 5),
(1166, 'Couple', 13, 'I', 6),
(1167, 'Couple', 13, 'I', 7),
(1168, 'Couple', 13, 'I', 8),
(1169, 'Couple', 13, 'I', 9),
(1170, 'Couple', 13, 'I', 10),
(1171, 'Thường', 14, 'A', 1),
(1172, 'Thường', 14, 'A', 2),
(1173, 'Thường', 14, 'A', 3),
(1174, 'Thường', 14, 'A', 4),
(1175, 'Thường', 14, 'A', 5),
(1176, 'Thường', 14, 'A', 6),
(1177, 'Thường', 14, 'A', 7),
(1178, 'Thường', 14, 'A', 8),
(1179, 'Thường', 14, 'A', 9),
(1180, 'Thường', 14, 'A', 10),
(1181, 'Thường', 14, 'B', 1),
(1182, 'Thường', 14, 'B', 2),
(1183, 'Thường', 14, 'B', 3),
(1184, 'Thường', 14, 'B', 4),
(1185, 'Thường', 14, 'B', 5),
(1186, 'Thường', 14, 'B', 6),
(1187, 'Thường', 14, 'B', 7),
(1188, 'Thường', 14, 'B', 8),
(1189, 'Thường', 14, 'B', 9),
(1190, 'Thường', 14, 'B', 10),
(1191, 'Thường', 14, 'C', 1),
(1192, 'Thường', 14, 'C', 2),
(1193, 'Thường', 14, 'C', 3),
(1194, 'Thường', 14, 'C', 4),
(1195, 'Thường', 14, 'C', 5),
(1196, 'Thường', 14, 'C', 6),
(1197, 'Thường', 14, 'C', 7),
(1198, 'Thường', 14, 'C', 8),
(1199, 'Thường', 14, 'C', 9),
(1200, 'Thường', 14, 'C', 10),
(1201, 'Thường', 14, 'D', 1),
(1202, 'Thường', 14, 'D', 2),
(1203, 'Thường', 14, 'D', 3),
(1204, 'Thường', 14, 'D', 4),
(1205, 'Thường', 14, 'D', 5),
(1206, 'Thường', 14, 'D', 6),
(1207, 'Thường', 14, 'D', 7),
(1208, 'Thường', 14, 'D', 8),
(1209, 'Thường', 14, 'D', 9),
(1210, 'Thường', 14, 'D', 10),
(1211, 'VIP', 14, 'E', 1),
(1212, 'VIP', 14, 'E', 2),
(1213, 'VIP', 14, 'E', 3),
(1214, 'VIP', 14, 'E', 4),
(1215, 'VIP', 14, 'E', 5),
(1216, 'VIP', 14, 'E', 6),
(1217, 'VIP', 14, 'E', 7),
(1218, 'VIP', 14, 'E', 8),
(1219, 'VIP', 14, 'E', 9),
(1220, 'VIP', 14, 'E', 10),
(1221, 'VIP', 14, 'F', 1),
(1222, 'VIP', 14, 'F', 2),
(1223, 'VIP', 14, 'F', 3),
(1224, 'VIP', 14, 'F', 4),
(1225, 'VIP', 14, 'F', 5),
(1226, 'VIP', 14, 'F', 6),
(1227, 'VIP', 14, 'F', 7),
(1228, 'VIP', 14, 'F', 8),
(1229, 'VIP', 14, 'F', 9),
(1230, 'VIP', 14, 'F', 10),
(1231, 'Thường', 14, 'G', 1),
(1232, 'Thường', 14, 'G', 2),
(1233, 'Thường', 14, 'G', 3),
(1234, 'Thường', 14, 'G', 4),
(1235, 'Thường', 14, 'G', 5),
(1236, 'Thường', 14, 'G', 6),
(1237, 'Thường', 14, 'G', 7),
(1238, 'Thường', 14, 'G', 8),
(1239, 'Thường', 14, 'G', 9),
(1240, 'Thường', 14, 'G', 10),
(1241, 'Couple', 14, 'H', 1),
(1242, 'Couple', 14, 'H', 2),
(1243, 'Couple', 14, 'H', 3),
(1244, 'Couple', 14, 'H', 4),
(1245, 'Couple', 14, 'H', 5),
(1246, 'Couple', 14, 'H', 6),
(1247, 'Couple', 14, 'H', 7),
(1248, 'Couple', 14, 'H', 8),
(1249, 'Couple', 14, 'H', 9),
(1250, 'Couple', 14, 'H', 10),
(1251, 'Couple', 14, 'I', 1),
(1252, 'Couple', 14, 'I', 2),
(1253, 'Couple', 14, 'I', 3),
(1254, 'Couple', 14, 'I', 4),
(1255, 'Couple', 14, 'I', 5),
(1256, 'Couple', 14, 'I', 6),
(1257, 'Couple', 14, 'I', 7),
(1258, 'Couple', 14, 'I', 8),
(1259, 'Couple', 14, 'I', 9),
(1260, 'Couple', 14, 'I', 10),
(1261, 'Thường', 15, 'A', 1),
(1262, 'Thường', 15, 'A', 2),
(1263, 'Thường', 15, 'A', 3),
(1264, 'Thường', 15, 'A', 4),
(1265, 'Thường', 15, 'A', 5),
(1266, 'Thường', 15, 'A', 6),
(1267, 'Thường', 15, 'A', 7),
(1268, 'Thường', 15, 'A', 8),
(1269, 'Thường', 15, 'A', 9),
(1270, 'Thường', 15, 'A', 10),
(1271, 'Thường', 15, 'B', 1),
(1272, 'Thường', 15, 'B', 2),
(1273, 'Thường', 15, 'B', 3),
(1274, 'Thường', 15, 'B', 4),
(1275, 'Thường', 15, 'B', 5),
(1276, 'Thường', 15, 'B', 6),
(1277, 'Thường', 15, 'B', 7),
(1278, 'Thường', 15, 'B', 8),
(1279, 'Thường', 15, 'B', 9),
(1280, 'Thường', 15, 'B', 10),
(1281, 'Thường', 15, 'C', 1),
(1282, 'Thường', 15, 'C', 2),
(1283, 'Thường', 15, 'C', 3),
(1284, 'Thường', 15, 'C', 4),
(1285, 'Thường', 15, 'C', 5),
(1286, 'Thường', 15, 'C', 6),
(1287, 'Thường', 15, 'C', 7),
(1288, 'Thường', 15, 'C', 8),
(1289, 'Thường', 15, 'C', 9),
(1290, 'Thường', 15, 'C', 10),
(1291, 'Thường', 15, 'D', 1),
(1292, 'Thường', 15, 'D', 2),
(1293, 'Thường', 15, 'D', 3),
(1294, 'Thường', 15, 'D', 4),
(1295, 'Thường', 15, 'D', 5),
(1296, 'Thường', 15, 'D', 6),
(1297, 'Thường', 15, 'D', 7),
(1298, 'Thường', 15, 'D', 8),
(1299, 'Thường', 15, 'D', 9),
(1300, 'Thường', 15, 'D', 10),
(1301, 'VIP', 15, 'E', 1),
(1302, 'VIP', 15, 'E', 2),
(1303, 'VIP', 15, 'E', 3),
(1304, 'VIP', 15, 'E', 4),
(1305, 'VIP', 15, 'E', 5),
(1306, 'VIP', 15, 'E', 6),
(1307, 'VIP', 15, 'E', 7),
(1308, 'VIP', 15, 'E', 8),
(1309, 'VIP', 15, 'E', 9),
(1310, 'VIP', 15, 'E', 10),
(1311, 'VIP', 15, 'F', 1),
(1312, 'VIP', 15, 'F', 2),
(1313, 'VIP', 15, 'F', 3),
(1314, 'VIP', 15, 'F', 4),
(1315, 'VIP', 15, 'F', 5),
(1316, 'VIP', 15, 'F', 6),
(1317, 'VIP', 15, 'F', 7),
(1318, 'VIP', 15, 'F', 8),
(1319, 'VIP', 15, 'F', 9),
(1320, 'VIP', 15, 'F', 10),
(1321, 'Thường', 15, 'G', 1),
(1322, 'Thường', 15, 'G', 2),
(1323, 'Thường', 15, 'G', 3),
(1324, 'Thường', 15, 'G', 4),
(1325, 'Thường', 15, 'G', 5),
(1326, 'Thường', 15, 'G', 6),
(1327, 'Thường', 15, 'G', 7),
(1328, 'Thường', 15, 'G', 8),
(1329, 'Thường', 15, 'G', 9),
(1330, 'Thường', 15, 'G', 10),
(1331, 'Couple', 15, 'H', 1),
(1332, 'Couple', 15, 'H', 2),
(1333, 'Couple', 15, 'H', 3),
(1334, 'Couple', 15, 'H', 4),
(1335, 'Couple', 15, 'H', 5),
(1336, 'Couple', 15, 'H', 6),
(1337, 'Couple', 15, 'H', 7),
(1338, 'Couple', 15, 'H', 8),
(1339, 'Couple', 15, 'H', 9),
(1340, 'Couple', 15, 'H', 10),
(1341, 'Couple', 15, 'I', 1),
(1342, 'Couple', 15, 'I', 2),
(1343, 'Couple', 15, 'I', 3),
(1344, 'Couple', 15, 'I', 4),
(1345, 'Couple', 15, 'I', 5),
(1346, 'Couple', 15, 'I', 6),
(1347, 'Couple', 15, 'I', 7),
(1348, 'Couple', 15, 'I', 8),
(1349, 'Couple', 15, 'I', 9),
(1350, 'Couple', 15, 'I', 10),
(1351, 'Thường', 16, 'A', 1),
(1352, 'Thường', 16, 'A', 2),
(1353, 'Thường', 16, 'A', 3),
(1354, 'Thường', 16, 'A', 4),
(1355, 'Thường', 16, 'A', 5),
(1356, 'Thường', 16, 'A', 6),
(1357, 'Thường', 16, 'A', 7),
(1358, 'Thường', 16, 'A', 8),
(1359, 'Thường', 16, 'A', 9),
(1360, 'Thường', 16, 'A', 10),
(1361, 'Thường', 16, 'B', 1),
(1362, 'Thường', 16, 'B', 2),
(1363, 'Thường', 16, 'B', 3),
(1364, 'Thường', 16, 'B', 4),
(1365, 'Thường', 16, 'B', 5),
(1366, 'Thường', 16, 'B', 6),
(1367, 'Thường', 16, 'B', 7),
(1368, 'Thường', 16, 'B', 8),
(1369, 'Thường', 16, 'B', 9),
(1370, 'Thường', 16, 'B', 10),
(1371, 'Thường', 16, 'C', 1),
(1372, 'Thường', 16, 'C', 2),
(1373, 'Thường', 16, 'C', 3),
(1374, 'Thường', 16, 'C', 4),
(1375, 'Thường', 16, 'C', 5),
(1376, 'Thường', 16, 'C', 6),
(1377, 'Thường', 16, 'C', 7),
(1378, 'Thường', 16, 'C', 8),
(1379, 'Thường', 16, 'C', 9),
(1380, 'Thường', 16, 'C', 10),
(1381, 'Thường', 16, 'D', 1),
(1382, 'Thường', 16, 'D', 2),
(1383, 'Thường', 16, 'D', 3),
(1384, 'Thường', 16, 'D', 4),
(1385, 'Thường', 16, 'D', 5),
(1386, 'Thường', 16, 'D', 6),
(1387, 'Thường', 16, 'D', 7),
(1388, 'Thường', 16, 'D', 8),
(1389, 'Thường', 16, 'D', 9),
(1390, 'Thường', 16, 'D', 10),
(1391, 'VIP', 16, 'E', 1),
(1392, 'VIP', 16, 'E', 2),
(1393, 'VIP', 16, 'E', 3),
(1394, 'VIP', 16, 'E', 4),
(1395, 'VIP', 16, 'E', 5),
(1396, 'VIP', 16, 'E', 6),
(1397, 'VIP', 16, 'E', 7),
(1398, 'VIP', 16, 'E', 8),
(1399, 'VIP', 16, 'E', 9),
(1400, 'VIP', 16, 'E', 10),
(1401, 'VIP', 16, 'F', 1),
(1402, 'VIP', 16, 'F', 2),
(1403, 'VIP', 16, 'F', 3),
(1404, 'VIP', 16, 'F', 4),
(1405, 'VIP', 16, 'F', 5),
(1406, 'VIP', 16, 'F', 6),
(1407, 'VIP', 16, 'F', 7),
(1408, 'VIP', 16, 'F', 8),
(1409, 'VIP', 16, 'F', 9),
(1410, 'VIP', 16, 'F', 10),
(1411, 'Thường', 16, 'G', 1),
(1412, 'Thường', 16, 'G', 2),
(1413, 'Thường', 16, 'G', 3),
(1414, 'Thường', 16, 'G', 4),
(1415, 'Thường', 16, 'G', 5),
(1416, 'Thường', 16, 'G', 6),
(1417, 'Thường', 16, 'G', 7),
(1418, 'Thường', 16, 'G', 8),
(1419, 'Thường', 16, 'G', 9),
(1420, 'Thường', 16, 'G', 10),
(1421, 'Couple', 16, 'H', 1),
(1422, 'Couple', 16, 'H', 2),
(1423, 'Couple', 16, 'H', 3),
(1424, 'Couple', 16, 'H', 4),
(1425, 'Couple', 16, 'H', 5),
(1426, 'Couple', 16, 'H', 6),
(1427, 'Couple', 16, 'H', 7),
(1428, 'Couple', 16, 'H', 8),
(1429, 'Couple', 16, 'H', 9),
(1430, 'Couple', 16, 'H', 10),
(1431, 'Couple', 16, 'I', 1),
(1432, 'Couple', 16, 'I', 2),
(1433, 'Couple', 16, 'I', 3),
(1434, 'Couple', 16, 'I', 4),
(1435, 'Couple', 16, 'I', 5),
(1436, 'Couple', 16, 'I', 6),
(1437, 'Couple', 16, 'I', 7),
(1438, 'Couple', 16, 'I', 8),
(1439, 'Couple', 16, 'I', 9),
(1440, 'Couple', 16, 'I', 10),
(1441, 'Thường', 17, 'A', 1),
(1442, 'Thường', 17, 'A', 2),
(1443, 'Thường', 17, 'A', 3),
(1444, 'Thường', 17, 'A', 4),
(1445, 'Thường', 17, 'A', 5),
(1446, 'Thường', 17, 'A', 6),
(1447, 'Thường', 17, 'A', 7),
(1448, 'Thường', 17, 'A', 8),
(1449, 'Thường', 17, 'A', 9),
(1450, 'Thường', 17, 'A', 10),
(1451, 'Thường', 17, 'B', 1),
(1452, 'Thường', 17, 'B', 2),
(1453, 'Thường', 17, 'B', 3),
(1454, 'Thường', 17, 'B', 4),
(1455, 'Thường', 17, 'B', 5),
(1456, 'Thường', 17, 'B', 6),
(1457, 'Thường', 17, 'B', 7),
(1458, 'Thường', 17, 'B', 8),
(1459, 'Thường', 17, 'B', 9),
(1460, 'Thường', 17, 'B', 10),
(1461, 'Thường', 17, 'C', 1),
(1462, 'Thường', 17, 'C', 2),
(1463, 'Thường', 17, 'C', 3),
(1464, 'Thường', 17, 'C', 4),
(1465, 'Thường', 17, 'C', 5),
(1466, 'Thường', 17, 'C', 6),
(1467, 'Thường', 17, 'C', 7),
(1468, 'Thường', 17, 'C', 8),
(1469, 'Thường', 17, 'C', 9),
(1470, 'Thường', 17, 'C', 10),
(1471, 'Thường', 17, 'D', 1),
(1472, 'Thường', 17, 'D', 2),
(1473, 'Thường', 17, 'D', 3),
(1474, 'Thường', 17, 'D', 4),
(1475, 'Thường', 17, 'D', 5),
(1476, 'Thường', 17, 'D', 6),
(1477, 'Thường', 17, 'D', 7),
(1478, 'Thường', 17, 'D', 8),
(1479, 'Thường', 17, 'D', 9),
(1480, 'Thường', 17, 'D', 10),
(1481, 'VIP', 17, 'E', 1),
(1482, 'VIP', 17, 'E', 2),
(1483, 'VIP', 17, 'E', 3),
(1484, 'VIP', 17, 'E', 4),
(1485, 'VIP', 17, 'E', 5),
(1486, 'VIP', 17, 'E', 6),
(1487, 'VIP', 17, 'E', 7),
(1488, 'VIP', 17, 'E', 8),
(1489, 'VIP', 17, 'E', 9),
(1490, 'VIP', 17, 'E', 10),
(1491, 'VIP', 17, 'F', 1),
(1492, 'VIP', 17, 'F', 2),
(1493, 'VIP', 17, 'F', 3),
(1494, 'VIP', 17, 'F', 4),
(1495, 'VIP', 17, 'F', 5),
(1496, 'VIP', 17, 'F', 6),
(1497, 'VIP', 17, 'F', 7),
(1498, 'VIP', 17, 'F', 8),
(1499, 'VIP', 17, 'F', 9),
(1500, 'VIP', 17, 'F', 10),
(1501, 'Thường', 17, 'G', 1),
(1502, 'Thường', 17, 'G', 2),
(1503, 'Thường', 17, 'G', 3),
(1504, 'Thường', 17, 'G', 4),
(1505, 'Thường', 17, 'G', 5),
(1506, 'Thường', 17, 'G', 6),
(1507, 'Thường', 17, 'G', 7),
(1508, 'Thường', 17, 'G', 8),
(1509, 'Thường', 17, 'G', 9),
(1510, 'Thường', 17, 'G', 10),
(1511, 'Couple', 17, 'H', 1),
(1512, 'Couple', 17, 'H', 2),
(1513, 'Couple', 17, 'H', 3),
(1514, 'Couple', 17, 'H', 4),
(1515, 'Couple', 17, 'H', 5),
(1516, 'Couple', 17, 'H', 6),
(1517, 'Couple', 17, 'H', 7),
(1518, 'Couple', 17, 'H', 8),
(1519, 'Couple', 17, 'H', 9),
(1520, 'Couple', 17, 'H', 10),
(1521, 'Couple', 17, 'I', 1),
(1522, 'Couple', 17, 'I', 2),
(1523, 'Couple', 17, 'I', 3),
(1524, 'Couple', 17, 'I', 4),
(1525, 'Couple', 17, 'I', 5),
(1526, 'Couple', 17, 'I', 6),
(1527, 'Couple', 17, 'I', 7),
(1528, 'Couple', 17, 'I', 8),
(1529, 'Couple', 17, 'I', 9),
(1530, 'Couple', 17, 'I', 10),
(1531, 'Thường', 18, 'A', 1),
(1532, 'Thường', 18, 'A', 2),
(1533, 'Thường', 18, 'A', 3),
(1534, 'Thường', 18, 'A', 4),
(1535, 'Thường', 18, 'A', 5),
(1536, 'Thường', 18, 'A', 6),
(1537, 'Thường', 18, 'A', 7),
(1538, 'Thường', 18, 'A', 8),
(1539, 'Thường', 18, 'A', 9),
(1540, 'Thường', 18, 'A', 10),
(1541, 'Thường', 18, 'B', 1),
(1542, 'Thường', 18, 'B', 2),
(1543, 'Thường', 18, 'B', 3),
(1544, 'Thường', 18, 'B', 4),
(1545, 'Thường', 18, 'B', 5),
(1546, 'Thường', 18, 'B', 6),
(1547, 'Thường', 18, 'B', 7),
(1548, 'Thường', 18, 'B', 8),
(1549, 'Thường', 18, 'B', 9),
(1550, 'Thường', 18, 'B', 10),
(1551, 'Thường', 18, 'C', 1),
(1552, 'Thường', 18, 'C', 2),
(1553, 'Thường', 18, 'C', 3),
(1554, 'Thường', 18, 'C', 4),
(1555, 'Thường', 18, 'C', 5),
(1556, 'Thường', 18, 'C', 6),
(1557, 'Thường', 18, 'C', 7),
(1558, 'Thường', 18, 'C', 8),
(1559, 'Thường', 18, 'C', 9),
(1560, 'Thường', 18, 'C', 10),
(1561, 'Thường', 18, 'D', 1),
(1562, 'Thường', 18, 'D', 2),
(1563, 'Thường', 18, 'D', 3),
(1564, 'Thường', 18, 'D', 4),
(1565, 'Thường', 18, 'D', 5),
(1566, 'Thường', 18, 'D', 6),
(1567, 'Thường', 18, 'D', 7),
(1568, 'Thường', 18, 'D', 8),
(1569, 'Thường', 18, 'D', 9),
(1570, 'Thường', 18, 'D', 10),
(1571, 'VIP', 18, 'E', 1),
(1572, 'VIP', 18, 'E', 2),
(1573, 'VIP', 18, 'E', 3),
(1574, 'VIP', 18, 'E', 4),
(1575, 'VIP', 18, 'E', 5),
(1576, 'VIP', 18, 'E', 6),
(1577, 'VIP', 18, 'E', 7),
(1578, 'VIP', 18, 'E', 8),
(1579, 'VIP', 18, 'E', 9),
(1580, 'VIP', 18, 'E', 10),
(1581, 'VIP', 18, 'F', 1),
(1582, 'VIP', 18, 'F', 2),
(1583, 'VIP', 18, 'F', 3),
(1584, 'VIP', 18, 'F', 4),
(1585, 'VIP', 18, 'F', 5),
(1586, 'VIP', 18, 'F', 6),
(1587, 'VIP', 18, 'F', 7),
(1588, 'VIP', 18, 'F', 8),
(1589, 'VIP', 18, 'F', 9),
(1590, 'VIP', 18, 'F', 10),
(1591, 'Thường', 18, 'G', 1),
(1592, 'Thường', 18, 'G', 2),
(1593, 'Thường', 18, 'G', 3),
(1594, 'Thường', 18, 'G', 4),
(1595, 'Thường', 18, 'G', 5),
(1596, 'Thường', 18, 'G', 6),
(1597, 'Thường', 18, 'G', 7),
(1598, 'Thường', 18, 'G', 8),
(1599, 'Thường', 18, 'G', 9),
(1600, 'Thường', 18, 'G', 10),
(1601, 'Couple', 18, 'H', 1),
(1602, 'Couple', 18, 'H', 2),
(1603, 'Couple', 18, 'H', 3),
(1604, 'Couple', 18, 'H', 4),
(1605, 'Couple', 18, 'H', 5),
(1606, 'Couple', 18, 'H', 6),
(1607, 'Couple', 18, 'H', 7),
(1608, 'Couple', 18, 'H', 8),
(1609, 'Couple', 18, 'H', 9),
(1610, 'Couple', 18, 'H', 10),
(1611, 'Couple', 18, 'I', 1),
(1612, 'Couple', 18, 'I', 2),
(1613, 'Couple', 18, 'I', 3),
(1614, 'Couple', 18, 'I', 4),
(1615, 'Couple', 18, 'I', 5),
(1616, 'Couple', 18, 'I', 6),
(1617, 'Couple', 18, 'I', 7),
(1618, 'Couple', 18, 'I', 8),
(1619, 'Couple', 18, 'I', 9),
(1620, 'Couple', 18, 'I', 10),
(1621, 'Thường', 19, 'A', 1),
(1622, 'Thường', 19, 'A', 2),
(1623, 'Thường', 19, 'A', 3),
(1624, 'Thường', 19, 'A', 4),
(1625, 'Thường', 19, 'A', 5),
(1626, 'Thường', 19, 'A', 6),
(1627, 'Thường', 19, 'A', 7),
(1628, 'Thường', 19, 'A', 8),
(1629, 'Thường', 19, 'A', 9),
(1630, 'Thường', 19, 'A', 10),
(1631, 'Thường', 19, 'B', 1),
(1632, 'Thường', 19, 'B', 2),
(1633, 'Thường', 19, 'B', 3),
(1634, 'Thường', 19, 'B', 4),
(1635, 'Thường', 19, 'B', 5),
(1636, 'Thường', 19, 'B', 6),
(1637, 'Thường', 19, 'B', 7),
(1638, 'Thường', 19, 'B', 8),
(1639, 'Thường', 19, 'B', 9),
(1640, 'Thường', 19, 'B', 10),
(1641, 'Thường', 19, 'C', 1),
(1642, 'Thường', 19, 'C', 2),
(1643, 'Thường', 19, 'C', 3),
(1644, 'Thường', 19, 'C', 4),
(1645, 'Thường', 19, 'C', 5),
(1646, 'Thường', 19, 'C', 6),
(1647, 'Thường', 19, 'C', 7),
(1648, 'Thường', 19, 'C', 8),
(1649, 'Thường', 19, 'C', 9),
(1650, 'Thường', 19, 'C', 10),
(1651, 'Thường', 19, 'D', 1),
(1652, 'Thường', 19, 'D', 2),
(1653, 'Thường', 19, 'D', 3),
(1654, 'Thường', 19, 'D', 4),
(1655, 'Thường', 19, 'D', 5),
(1656, 'Thường', 19, 'D', 6),
(1657, 'Thường', 19, 'D', 7),
(1658, 'Thường', 19, 'D', 8),
(1659, 'Thường', 19, 'D', 9),
(1660, 'Thường', 19, 'D', 10),
(1661, 'VIP', 19, 'E', 1),
(1662, 'VIP', 19, 'E', 2),
(1663, 'VIP', 19, 'E', 3),
(1664, 'VIP', 19, 'E', 4),
(1665, 'VIP', 19, 'E', 5),
(1666, 'VIP', 19, 'E', 6),
(1667, 'VIP', 19, 'E', 7),
(1668, 'VIP', 19, 'E', 8),
(1669, 'VIP', 19, 'E', 9),
(1670, 'VIP', 19, 'E', 10),
(1671, 'VIP', 19, 'F', 1),
(1672, 'VIP', 19, 'F', 2),
(1673, 'VIP', 19, 'F', 3),
(1674, 'VIP', 19, 'F', 4),
(1675, 'VIP', 19, 'F', 5),
(1676, 'VIP', 19, 'F', 6),
(1677, 'VIP', 19, 'F', 7),
(1678, 'VIP', 19, 'F', 8),
(1679, 'VIP', 19, 'F', 9),
(1680, 'VIP', 19, 'F', 10),
(1681, 'Thường', 19, 'G', 1),
(1682, 'Thường', 19, 'G', 2),
(1683, 'Thường', 19, 'G', 3),
(1684, 'Thường', 19, 'G', 4),
(1685, 'Thường', 19, 'G', 5),
(1686, 'Thường', 19, 'G', 6),
(1687, 'Thường', 19, 'G', 7),
(1688, 'Thường', 19, 'G', 8),
(1689, 'Thường', 19, 'G', 9),
(1690, 'Thường', 19, 'G', 10),
(1691, 'Couple', 19, 'H', 1),
(1692, 'Couple', 19, 'H', 2),
(1693, 'Couple', 19, 'H', 3),
(1694, 'Couple', 19, 'H', 4),
(1695, 'Couple', 19, 'H', 5),
(1696, 'Couple', 19, 'H', 6),
(1697, 'Couple', 19, 'H', 7),
(1698, 'Couple', 19, 'H', 8),
(1699, 'Couple', 19, 'H', 9),
(1700, 'Couple', 19, 'H', 10),
(1701, 'Couple', 19, 'I', 1),
(1702, 'Couple', 19, 'I', 2),
(1703, 'Couple', 19, 'I', 3),
(1704, 'Couple', 19, 'I', 4),
(1705, 'Couple', 19, 'I', 5),
(1706, 'Couple', 19, 'I', 6),
(1707, 'Couple', 19, 'I', 7),
(1708, 'Couple', 19, 'I', 8),
(1709, 'Couple', 19, 'I', 9),
(1710, 'Couple', 19, 'I', 10),
(1711, 'Thường', 20, 'A', 1),
(1712, 'Thường', 20, 'A', 2),
(1713, 'Thường', 20, 'A', 3),
(1714, 'Thường', 20, 'A', 4),
(1715, 'Thường', 20, 'A', 5),
(1716, 'Thường', 20, 'A', 6),
(1717, 'Thường', 20, 'A', 7),
(1718, 'Thường', 20, 'A', 8),
(1719, 'Thường', 20, 'A', 9),
(1720, 'Thường', 20, 'A', 10),
(1721, 'Thường', 20, 'B', 1),
(1722, 'Thường', 20, 'B', 2),
(1723, 'Thường', 20, 'B', 3),
(1724, 'Thường', 20, 'B', 4),
(1725, 'Thường', 20, 'B', 5),
(1726, 'Thường', 20, 'B', 6),
(1727, 'Thường', 20, 'B', 7),
(1728, 'Thường', 20, 'B', 8),
(1729, 'Thường', 20, 'B', 9),
(1730, 'Thường', 20, 'B', 10),
(1731, 'Thường', 20, 'C', 1),
(1732, 'Thường', 20, 'C', 2),
(1733, 'Thường', 20, 'C', 3),
(1734, 'Thường', 20, 'C', 4),
(1735, 'Thường', 20, 'C', 5),
(1736, 'Thường', 20, 'C', 6),
(1737, 'Thường', 20, 'C', 7),
(1738, 'Thường', 20, 'C', 8),
(1739, 'Thường', 20, 'C', 9),
(1740, 'Thường', 20, 'C', 10),
(1741, 'Thường', 20, 'D', 1),
(1742, 'Thường', 20, 'D', 2),
(1743, 'Thường', 20, 'D', 3),
(1744, 'Thường', 20, 'D', 4),
(1745, 'Thường', 20, 'D', 5),
(1746, 'Thường', 20, 'D', 6),
(1747, 'Thường', 20, 'D', 7),
(1748, 'Thường', 20, 'D', 8),
(1749, 'Thường', 20, 'D', 9),
(1750, 'Thường', 20, 'D', 10),
(1751, 'VIP', 20, 'E', 1),
(1752, 'VIP', 20, 'E', 2),
(1753, 'VIP', 20, 'E', 3),
(1754, 'VIP', 20, 'E', 4),
(1755, 'VIP', 20, 'E', 5),
(1756, 'VIP', 20, 'E', 6),
(1757, 'VIP', 20, 'E', 7),
(1758, 'VIP', 20, 'E', 8),
(1759, 'VIP', 20, 'E', 9),
(1760, 'VIP', 20, 'E', 10),
(1761, 'VIP', 20, 'F', 1),
(1762, 'VIP', 20, 'F', 2),
(1763, 'VIP', 20, 'F', 3),
(1764, 'VIP', 20, 'F', 4),
(1765, 'VIP', 20, 'F', 5),
(1766, 'VIP', 20, 'F', 6),
(1767, 'VIP', 20, 'F', 7),
(1768, 'VIP', 20, 'F', 8),
(1769, 'VIP', 20, 'F', 9),
(1770, 'VIP', 20, 'F', 10),
(1771, 'Thường', 20, 'G', 1),
(1772, 'Thường', 20, 'G', 2),
(1773, 'Thường', 20, 'G', 3),
(1774, 'Thường', 20, 'G', 4),
(1775, 'Thường', 20, 'G', 5),
(1776, 'Thường', 20, 'G', 6),
(1777, 'Thường', 20, 'G', 7),
(1778, 'Thường', 20, 'G', 8),
(1779, 'Thường', 20, 'G', 9),
(1780, 'Thường', 20, 'G', 10),
(1781, 'Couple', 20, 'H', 1),
(1782, 'Couple', 20, 'H', 2),
(1783, 'Couple', 20, 'H', 3),
(1784, 'Couple', 20, 'H', 4),
(1785, 'Couple', 20, 'H', 5),
(1786, 'Couple', 20, 'H', 6),
(1787, 'Couple', 20, 'H', 7),
(1788, 'Couple', 20, 'H', 8),
(1789, 'Couple', 20, 'H', 9),
(1790, 'Couple', 20, 'H', 10),
(1791, 'Couple', 20, 'I', 1),
(1792, 'Couple', 20, 'I', 2),
(1793, 'Couple', 20, 'I', 3),
(1794, 'Couple', 20, 'I', 4),
(1795, 'Couple', 20, 'I', 5),
(1796, 'Couple', 20, 'I', 6),
(1797, 'Couple', 20, 'I', 7),
(1798, 'Couple', 20, 'I', 8),
(1799, 'Couple', 20, 'I', 9),
(1800, 'Couple', 20, 'I', 10),
(1801, 'Thường', 21, 'A', 1),
(1802, 'Thường', 21, 'A', 2),
(1803, 'Thường', 21, 'A', 3),
(1804, 'Thường', 21, 'A', 4),
(1805, 'Thường', 21, 'A', 5),
(1806, 'Thường', 21, 'A', 6),
(1807, 'Thường', 21, 'A', 7),
(1808, 'Thường', 21, 'A', 8),
(1809, 'Thường', 21, 'A', 9),
(1810, 'Thường', 21, 'A', 10),
(1811, 'Thường', 21, 'B', 1),
(1812, 'Thường', 21, 'B', 2),
(1813, 'Thường', 21, 'B', 3),
(1814, 'Thường', 21, 'B', 4),
(1815, 'Thường', 21, 'B', 5),
(1816, 'Thường', 21, 'B', 6),
(1817, 'Thường', 21, 'B', 7),
(1818, 'Thường', 21, 'B', 8),
(1819, 'Thường', 21, 'B', 9),
(1820, 'Thường', 21, 'B', 10),
(1821, 'Thường', 21, 'C', 1),
(1822, 'Thường', 21, 'C', 2),
(1823, 'Thường', 21, 'C', 3),
(1824, 'Thường', 21, 'C', 4),
(1825, 'Thường', 21, 'C', 5),
(1826, 'Thường', 21, 'C', 6),
(1827, 'Thường', 21, 'C', 7),
(1828, 'Thường', 21, 'C', 8),
(1829, 'Thường', 21, 'C', 9),
(1830, 'Thường', 21, 'C', 10),
(1831, 'Thường', 21, 'D', 1),
(1832, 'Thường', 21, 'D', 2),
(1833, 'Thường', 21, 'D', 3),
(1834, 'Thường', 21, 'D', 4),
(1835, 'Thường', 21, 'D', 5),
(1836, 'Thường', 21, 'D', 6),
(1837, 'Thường', 21, 'D', 7),
(1838, 'Thường', 21, 'D', 8),
(1839, 'Thường', 21, 'D', 9),
(1840, 'Thường', 21, 'D', 10),
(1841, 'VIP', 21, 'E', 1),
(1842, 'VIP', 21, 'E', 2),
(1843, 'VIP', 21, 'E', 3),
(1844, 'VIP', 21, 'E', 4),
(1845, 'VIP', 21, 'E', 5),
(1846, 'VIP', 21, 'E', 6),
(1847, 'VIP', 21, 'E', 7),
(1848, 'VIP', 21, 'E', 8),
(1849, 'VIP', 21, 'E', 9),
(1850, 'VIP', 21, 'E', 10),
(1851, 'VIP', 21, 'F', 1),
(1852, 'VIP', 21, 'F', 2),
(1853, 'VIP', 21, 'F', 3),
(1854, 'VIP', 21, 'F', 4),
(1855, 'VIP', 21, 'F', 5),
(1856, 'VIP', 21, 'F', 6),
(1857, 'VIP', 21, 'F', 7),
(1858, 'VIP', 21, 'F', 8),
(1859, 'VIP', 21, 'F', 9),
(1860, 'VIP', 21, 'F', 10),
(1861, 'Thường', 21, 'G', 1),
(1862, 'Thường', 21, 'G', 2),
(1863, 'Thường', 21, 'G', 3),
(1864, 'Thường', 21, 'G', 4),
(1865, 'Thường', 21, 'G', 5),
(1866, 'Thường', 21, 'G', 6),
(1867, 'Thường', 21, 'G', 7),
(1868, 'Thường', 21, 'G', 8),
(1869, 'Thường', 21, 'G', 9),
(1870, 'Thường', 21, 'G', 10),
(1871, 'Couple', 21, 'H', 1),
(1872, 'Couple', 21, 'H', 2),
(1873, 'Couple', 21, 'H', 3),
(1874, 'Couple', 21, 'H', 4),
(1875, 'Couple', 21, 'H', 5),
(1876, 'Couple', 21, 'H', 6),
(1877, 'Couple', 21, 'H', 7),
(1878, 'Couple', 21, 'H', 8),
(1879, 'Couple', 21, 'H', 9),
(1880, 'Couple', 21, 'H', 10),
(1881, 'Couple', 21, 'I', 1),
(1882, 'Couple', 21, 'I', 2),
(1883, 'Couple', 21, 'I', 3),
(1884, 'Couple', 21, 'I', 4),
(1885, 'Couple', 21, 'I', 5),
(1886, 'Couple', 21, 'I', 6),
(1887, 'Couple', 21, 'I', 7),
(1888, 'Couple', 21, 'I', 8),
(1889, 'Couple', 21, 'I', 9);
INSERT INTO `seats` (`seat_id`, `seat_type`, `room_id`, `seat_row`, `seat_number`) VALUES
(1890, 'Couple', 21, 'I', 10),
(1891, 'Thường', 22, 'A', 1),
(1892, 'Thường', 22, 'A', 2),
(1893, 'Thường', 22, 'A', 3),
(1894, 'Thường', 22, 'A', 4),
(1895, 'Thường', 22, 'A', 5),
(1896, 'Thường', 22, 'A', 6),
(1897, 'Thường', 22, 'A', 7),
(1898, 'Thường', 22, 'A', 8),
(1899, 'Thường', 22, 'A', 9),
(1900, 'Thường', 22, 'A', 10),
(1901, 'Thường', 22, 'B', 1),
(1902, 'Thường', 22, 'B', 2),
(1903, 'Thường', 22, 'B', 3),
(1904, 'Thường', 22, 'B', 4),
(1905, 'Thường', 22, 'B', 5),
(1906, 'Thường', 22, 'B', 6),
(1907, 'Thường', 22, 'B', 7),
(1908, 'Thường', 22, 'B', 8),
(1909, 'Thường', 22, 'B', 9),
(1910, 'Thường', 22, 'B', 10),
(1911, 'Thường', 22, 'C', 1),
(1912, 'Thường', 22, 'C', 2),
(1913, 'Thường', 22, 'C', 3),
(1914, 'Thường', 22, 'C', 4),
(1915, 'Thường', 22, 'C', 5),
(1916, 'Thường', 22, 'C', 6),
(1917, 'Thường', 22, 'C', 7),
(1918, 'Thường', 22, 'C', 8),
(1919, 'Thường', 22, 'C', 9),
(1920, 'Thường', 22, 'C', 10),
(1921, 'Thường', 22, 'D', 1),
(1922, 'Thường', 22, 'D', 2),
(1923, 'Thường', 22, 'D', 3),
(1924, 'Thường', 22, 'D', 4),
(1925, 'Thường', 22, 'D', 5),
(1926, 'Thường', 22, 'D', 6),
(1927, 'Thường', 22, 'D', 7),
(1928, 'Thường', 22, 'D', 8),
(1929, 'Thường', 22, 'D', 9),
(1930, 'Thường', 22, 'D', 10),
(1931, 'VIP', 22, 'E', 1),
(1932, 'VIP', 22, 'E', 2),
(1933, 'VIP', 22, 'E', 3),
(1934, 'VIP', 22, 'E', 4),
(1935, 'VIP', 22, 'E', 5),
(1936, 'VIP', 22, 'E', 6),
(1937, 'VIP', 22, 'E', 7),
(1938, 'VIP', 22, 'E', 8),
(1939, 'VIP', 22, 'E', 9),
(1940, 'VIP', 22, 'E', 10),
(1941, 'VIP', 22, 'F', 1),
(1942, 'VIP', 22, 'F', 2),
(1943, 'VIP', 22, 'F', 3),
(1944, 'VIP', 22, 'F', 4),
(1945, 'VIP', 22, 'F', 5),
(1946, 'VIP', 22, 'F', 6),
(1947, 'VIP', 22, 'F', 7),
(1948, 'VIP', 22, 'F', 8),
(1949, 'VIP', 22, 'F', 9),
(1950, 'VIP', 22, 'F', 10),
(1951, 'Thường', 22, 'G', 1),
(1952, 'Thường', 22, 'G', 2),
(1953, 'Thường', 22, 'G', 3),
(1954, 'Thường', 22, 'G', 4),
(1955, 'Thường', 22, 'G', 5),
(1956, 'Thường', 22, 'G', 6),
(1957, 'Thường', 22, 'G', 7),
(1958, 'Thường', 22, 'G', 8),
(1959, 'Thường', 22, 'G', 9),
(1960, 'Thường', 22, 'G', 10),
(1961, 'Couple', 22, 'H', 1),
(1962, 'Couple', 22, 'H', 2),
(1963, 'Couple', 22, 'H', 3),
(1964, 'Couple', 22, 'H', 4),
(1965, 'Couple', 22, 'H', 5),
(1966, 'Couple', 22, 'H', 6),
(1967, 'Couple', 22, 'H', 7),
(1968, 'Couple', 22, 'H', 8),
(1969, 'Couple', 22, 'H', 9),
(1970, 'Couple', 22, 'H', 10),
(1971, 'Couple', 22, 'I', 1),
(1972, 'Couple', 22, 'I', 2),
(1973, 'Couple', 22, 'I', 3),
(1974, 'Couple', 22, 'I', 4),
(1975, 'Couple', 22, 'I', 5),
(1976, 'Couple', 22, 'I', 6),
(1977, 'Couple', 22, 'I', 7),
(1978, 'Couple', 22, 'I', 8),
(1979, 'Couple', 22, 'I', 9),
(1980, 'Couple', 22, 'I', 10),
(1981, 'Thường', 23, 'A', 1),
(1982, 'Thường', 23, 'A', 2),
(1983, 'Thường', 23, 'A', 3),
(1984, 'Thường', 23, 'A', 4),
(1985, 'Thường', 23, 'A', 5),
(1986, 'Thường', 23, 'A', 6),
(1987, 'Thường', 23, 'A', 7),
(1988, 'Thường', 23, 'A', 8),
(1989, 'Thường', 23, 'A', 9),
(1990, 'Thường', 23, 'A', 10),
(1991, 'Thường', 23, 'B', 1),
(1992, 'Thường', 23, 'B', 2),
(1993, 'Thường', 23, 'B', 3),
(1994, 'Thường', 23, 'B', 4),
(1995, 'Thường', 23, 'B', 5),
(1996, 'Thường', 23, 'B', 6),
(1997, 'Thường', 23, 'B', 7),
(1998, 'Thường', 23, 'B', 8),
(1999, 'Thường', 23, 'B', 9),
(2000, 'Thường', 23, 'B', 10),
(2001, 'Thường', 23, 'C', 1),
(2002, 'Thường', 23, 'C', 2),
(2003, 'Thường', 23, 'C', 3),
(2004, 'Thường', 23, 'C', 4),
(2005, 'Thường', 23, 'C', 5),
(2006, 'Thường', 23, 'C', 6),
(2007, 'Thường', 23, 'C', 7),
(2008, 'Thường', 23, 'C', 8),
(2009, 'Thường', 23, 'C', 9),
(2010, 'Thường', 23, 'C', 10),
(2011, 'Thường', 23, 'D', 1),
(2012, 'Thường', 23, 'D', 2),
(2013, 'Thường', 23, 'D', 3),
(2014, 'Thường', 23, 'D', 4),
(2015, 'Thường', 23, 'D', 5),
(2016, 'Thường', 23, 'D', 6),
(2017, 'Thường', 23, 'D', 7),
(2018, 'Thường', 23, 'D', 8),
(2019, 'Thường', 23, 'D', 9),
(2020, 'Thường', 23, 'D', 10),
(2021, 'VIP', 23, 'E', 1),
(2022, 'VIP', 23, 'E', 2),
(2023, 'VIP', 23, 'E', 3),
(2024, 'VIP', 23, 'E', 4),
(2025, 'VIP', 23, 'E', 5),
(2026, 'VIP', 23, 'E', 6),
(2027, 'VIP', 23, 'E', 7),
(2028, 'VIP', 23, 'E', 8),
(2029, 'VIP', 23, 'E', 9),
(2030, 'VIP', 23, 'E', 10),
(2031, 'VIP', 23, 'F', 1),
(2032, 'VIP', 23, 'F', 2),
(2033, 'VIP', 23, 'F', 3),
(2034, 'VIP', 23, 'F', 4),
(2035, 'VIP', 23, 'F', 5),
(2036, 'VIP', 23, 'F', 6),
(2037, 'VIP', 23, 'F', 7),
(2038, 'VIP', 23, 'F', 8),
(2039, 'VIP', 23, 'F', 9),
(2040, 'VIP', 23, 'F', 10),
(2041, 'Thường', 23, 'G', 1),
(2042, 'Thường', 23, 'G', 2),
(2043, 'Thường', 23, 'G', 3),
(2044, 'Thường', 23, 'G', 4),
(2045, 'Thường', 23, 'G', 5),
(2046, 'Thường', 23, 'G', 6),
(2047, 'Thường', 23, 'G', 7),
(2048, 'Thường', 23, 'G', 8),
(2049, 'Thường', 23, 'G', 9),
(2050, 'Thường', 23, 'G', 10),
(2051, 'Couple', 23, 'H', 1),
(2052, 'Couple', 23, 'H', 2),
(2053, 'Couple', 23, 'H', 3),
(2054, 'Couple', 23, 'H', 4),
(2055, 'Couple', 23, 'H', 5),
(2056, 'Couple', 23, 'H', 6),
(2057, 'Couple', 23, 'H', 7),
(2058, 'Couple', 23, 'H', 8),
(2059, 'Couple', 23, 'H', 9),
(2060, 'Couple', 23, 'H', 10),
(2061, 'Couple', 23, 'I', 1),
(2062, 'Couple', 23, 'I', 2),
(2063, 'Couple', 23, 'I', 3),
(2064, 'Couple', 23, 'I', 4),
(2065, 'Couple', 23, 'I', 5),
(2066, 'Couple', 23, 'I', 6),
(2067, 'Couple', 23, 'I', 7),
(2068, 'Couple', 23, 'I', 8),
(2069, 'Couple', 23, 'I', 9),
(2070, 'Couple', 23, 'I', 10),
(2071, 'Thường', 24, 'A', 1),
(2072, 'Thường', 24, 'A', 2),
(2073, 'Thường', 24, 'A', 3),
(2074, 'Thường', 24, 'A', 4),
(2075, 'Thường', 24, 'A', 5),
(2076, 'Thường', 24, 'A', 6),
(2077, 'Thường', 24, 'A', 7),
(2078, 'Thường', 24, 'A', 8),
(2079, 'Thường', 24, 'A', 9),
(2080, 'Thường', 24, 'A', 10),
(2081, 'Thường', 24, 'B', 1),
(2082, 'Thường', 24, 'B', 2),
(2083, 'Thường', 24, 'B', 3),
(2084, 'Thường', 24, 'B', 4),
(2085, 'Thường', 24, 'B', 5),
(2086, 'Thường', 24, 'B', 6),
(2087, 'Thường', 24, 'B', 7),
(2088, 'Thường', 24, 'B', 8),
(2089, 'Thường', 24, 'B', 9),
(2090, 'Thường', 24, 'B', 10),
(2091, 'Thường', 24, 'C', 1),
(2092, 'Thường', 24, 'C', 2),
(2093, 'Thường', 24, 'C', 3),
(2094, 'Thường', 24, 'C', 4),
(2095, 'Thường', 24, 'C', 5),
(2096, 'Thường', 24, 'C', 6),
(2097, 'Thường', 24, 'C', 7),
(2098, 'Thường', 24, 'C', 8),
(2099, 'Thường', 24, 'C', 9),
(2100, 'Thường', 24, 'C', 10),
(2101, 'Thường', 24, 'D', 1),
(2102, 'Thường', 24, 'D', 2),
(2103, 'Thường', 24, 'D', 3),
(2104, 'Thường', 24, 'D', 4),
(2105, 'Thường', 24, 'D', 5),
(2106, 'Thường', 24, 'D', 6),
(2107, 'Thường', 24, 'D', 7),
(2108, 'Thường', 24, 'D', 8),
(2109, 'Thường', 24, 'D', 9),
(2110, 'Thường', 24, 'D', 10),
(2111, 'VIP', 24, 'E', 1),
(2112, 'VIP', 24, 'E', 2),
(2113, 'VIP', 24, 'E', 3),
(2114, 'VIP', 24, 'E', 4),
(2115, 'VIP', 24, 'E', 5),
(2116, 'VIP', 24, 'E', 6),
(2117, 'VIP', 24, 'E', 7),
(2118, 'VIP', 24, 'E', 8),
(2119, 'VIP', 24, 'E', 9),
(2120, 'VIP', 24, 'E', 10),
(2121, 'VIP', 24, 'F', 1),
(2122, 'VIP', 24, 'F', 2),
(2123, 'VIP', 24, 'F', 3),
(2124, 'VIP', 24, 'F', 4),
(2125, 'VIP', 24, 'F', 5),
(2126, 'VIP', 24, 'F', 6),
(2127, 'VIP', 24, 'F', 7),
(2128, 'VIP', 24, 'F', 8),
(2129, 'VIP', 24, 'F', 9),
(2130, 'VIP', 24, 'F', 10),
(2131, 'Thường', 24, 'G', 1),
(2132, 'Thường', 24, 'G', 2),
(2133, 'Thường', 24, 'G', 3),
(2134, 'Thường', 24, 'G', 4),
(2135, 'Thường', 24, 'G', 5),
(2136, 'Thường', 24, 'G', 6),
(2137, 'Thường', 24, 'G', 7),
(2138, 'Thường', 24, 'G', 8),
(2139, 'Thường', 24, 'G', 9),
(2140, 'Thường', 24, 'G', 10),
(2141, 'Couple', 24, 'H', 1),
(2142, 'Couple', 24, 'H', 2),
(2143, 'Couple', 24, 'H', 3),
(2144, 'Couple', 24, 'H', 4),
(2145, 'Couple', 24, 'H', 5),
(2146, 'Couple', 24, 'H', 6),
(2147, 'Couple', 24, 'H', 7),
(2148, 'Couple', 24, 'H', 8),
(2149, 'Couple', 24, 'H', 9),
(2150, 'Couple', 24, 'H', 10),
(2151, 'Couple', 24, 'I', 1),
(2152, 'Couple', 24, 'I', 2),
(2153, 'Couple', 24, 'I', 3),
(2154, 'Couple', 24, 'I', 4),
(2155, 'Couple', 24, 'I', 5),
(2156, 'Couple', 24, 'I', 6),
(2157, 'Couple', 24, 'I', 7),
(2158, 'Couple', 24, 'I', 8),
(2159, 'Couple', 24, 'I', 9),
(2160, 'Couple', 24, 'I', 10),
(2161, 'Thường', 25, 'A', 1),
(2162, 'Thường', 25, 'A', 2),
(2163, 'Thường', 25, 'A', 3),
(2164, 'Thường', 25, 'A', 4),
(2165, 'Thường', 25, 'A', 5),
(2166, 'Thường', 25, 'A', 6),
(2167, 'Thường', 25, 'A', 7),
(2168, 'Thường', 25, 'A', 8),
(2169, 'Thường', 25, 'A', 9),
(2170, 'Thường', 25, 'A', 10),
(2171, 'Thường', 25, 'B', 1),
(2172, 'Thường', 25, 'B', 2),
(2173, 'Thường', 25, 'B', 3),
(2174, 'Thường', 25, 'B', 4),
(2175, 'Thường', 25, 'B', 5),
(2176, 'Thường', 25, 'B', 6),
(2177, 'Thường', 25, 'B', 7),
(2178, 'Thường', 25, 'B', 8),
(2179, 'Thường', 25, 'B', 9),
(2180, 'Thường', 25, 'B', 10),
(2181, 'Thường', 25, 'C', 1),
(2182, 'Thường', 25, 'C', 2),
(2183, 'Thường', 25, 'C', 3),
(2184, 'Thường', 25, 'C', 4),
(2185, 'Thường', 25, 'C', 5),
(2186, 'Thường', 25, 'C', 6),
(2187, 'Thường', 25, 'C', 7),
(2188, 'Thường', 25, 'C', 8),
(2189, 'Thường', 25, 'C', 9),
(2190, 'Thường', 25, 'C', 10),
(2191, 'Thường', 25, 'D', 1),
(2192, 'Thường', 25, 'D', 2),
(2193, 'Thường', 25, 'D', 3),
(2194, 'Thường', 25, 'D', 4),
(2195, 'Thường', 25, 'D', 5),
(2196, 'Thường', 25, 'D', 6),
(2197, 'Thường', 25, 'D', 7),
(2198, 'Thường', 25, 'D', 8),
(2199, 'Thường', 25, 'D', 9),
(2200, 'Thường', 25, 'D', 10),
(2201, 'VIP', 25, 'E', 1),
(2202, 'VIP', 25, 'E', 2),
(2203, 'VIP', 25, 'E', 3),
(2204, 'VIP', 25, 'E', 4),
(2205, 'VIP', 25, 'E', 5),
(2206, 'VIP', 25, 'E', 6),
(2207, 'VIP', 25, 'E', 7),
(2208, 'VIP', 25, 'E', 8),
(2209, 'VIP', 25, 'E', 9),
(2210, 'VIP', 25, 'E', 10),
(2211, 'VIP', 25, 'F', 1),
(2212, 'VIP', 25, 'F', 2),
(2213, 'VIP', 25, 'F', 3),
(2214, 'VIP', 25, 'F', 4),
(2215, 'VIP', 25, 'F', 5),
(2216, 'VIP', 25, 'F', 6),
(2217, 'VIP', 25, 'F', 7),
(2218, 'VIP', 25, 'F', 8),
(2219, 'VIP', 25, 'F', 9),
(2220, 'VIP', 25, 'F', 10),
(2221, 'Thường', 25, 'G', 1),
(2222, 'Thường', 25, 'G', 2),
(2223, 'Thường', 25, 'G', 3),
(2224, 'Thường', 25, 'G', 4),
(2225, 'Thường', 25, 'G', 5),
(2226, 'Thường', 25, 'G', 6),
(2227, 'Thường', 25, 'G', 7),
(2228, 'Thường', 25, 'G', 8),
(2229, 'Thường', 25, 'G', 9),
(2230, 'Thường', 25, 'G', 10),
(2231, 'Couple', 25, 'H', 1),
(2232, 'Couple', 25, 'H', 2),
(2233, 'Couple', 25, 'H', 3),
(2234, 'Couple', 25, 'H', 4),
(2235, 'Couple', 25, 'H', 5),
(2236, 'Couple', 25, 'H', 6),
(2237, 'Couple', 25, 'H', 7),
(2238, 'Couple', 25, 'H', 8),
(2239, 'Couple', 25, 'H', 9),
(2240, 'Couple', 25, 'H', 10),
(2241, 'Couple', 25, 'I', 1),
(2242, 'Couple', 25, 'I', 2),
(2243, 'Couple', 25, 'I', 3),
(2244, 'Couple', 25, 'I', 4),
(2245, 'Couple', 25, 'I', 5),
(2246, 'Couple', 25, 'I', 6),
(2247, 'Couple', 25, 'I', 7),
(2248, 'Couple', 25, 'I', 8),
(2249, 'Couple', 25, 'I', 9),
(2250, 'Couple', 25, 'I', 10),
(2251, 'Thường', 26, 'A', 1),
(2252, 'Thường', 26, 'A', 2),
(2253, 'Thường', 26, 'A', 3),
(2254, 'Thường', 26, 'A', 4),
(2255, 'Thường', 26, 'A', 5),
(2256, 'Thường', 26, 'A', 6),
(2257, 'Thường', 26, 'A', 7),
(2258, 'Thường', 26, 'A', 8),
(2259, 'Thường', 26, 'A', 9),
(2260, 'Thường', 26, 'A', 10),
(2261, 'Thường', 26, 'B', 1),
(2262, 'Thường', 26, 'B', 2),
(2263, 'Thường', 26, 'B', 3),
(2264, 'Thường', 26, 'B', 4),
(2265, 'Thường', 26, 'B', 5),
(2266, 'Thường', 26, 'B', 6),
(2267, 'Thường', 26, 'B', 7),
(2268, 'Thường', 26, 'B', 8),
(2269, 'Thường', 26, 'B', 9),
(2270, 'Thường', 26, 'B', 10),
(2271, 'Thường', 26, 'C', 1),
(2272, 'Thường', 26, 'C', 2),
(2273, 'Thường', 26, 'C', 3),
(2274, 'Thường', 26, 'C', 4),
(2275, 'Thường', 26, 'C', 5),
(2276, 'Thường', 26, 'C', 6),
(2277, 'Thường', 26, 'C', 7),
(2278, 'Thường', 26, 'C', 8),
(2279, 'Thường', 26, 'C', 9),
(2280, 'Thường', 26, 'C', 10),
(2281, 'Thường', 26, 'D', 1),
(2282, 'Thường', 26, 'D', 2),
(2283, 'Thường', 26, 'D', 3),
(2284, 'Thường', 26, 'D', 4),
(2285, 'Thường', 26, 'D', 5),
(2286, 'Thường', 26, 'D', 6),
(2287, 'Thường', 26, 'D', 7),
(2288, 'Thường', 26, 'D', 8),
(2289, 'Thường', 26, 'D', 9),
(2290, 'Thường', 26, 'D', 10),
(2291, 'VIP', 26, 'E', 1),
(2292, 'VIP', 26, 'E', 2),
(2293, 'VIP', 26, 'E', 3),
(2294, 'VIP', 26, 'E', 4),
(2295, 'VIP', 26, 'E', 5),
(2296, 'VIP', 26, 'E', 6),
(2297, 'VIP', 26, 'E', 7),
(2298, 'VIP', 26, 'E', 8),
(2299, 'VIP', 26, 'E', 9),
(2300, 'VIP', 26, 'E', 10),
(2301, 'VIP', 26, 'F', 1),
(2302, 'VIP', 26, 'F', 2),
(2303, 'VIP', 26, 'F', 3),
(2304, 'VIP', 26, 'F', 4),
(2305, 'VIP', 26, 'F', 5),
(2306, 'VIP', 26, 'F', 6),
(2307, 'VIP', 26, 'F', 7),
(2308, 'VIP', 26, 'F', 8),
(2309, 'VIP', 26, 'F', 9),
(2310, 'VIP', 26, 'F', 10),
(2311, 'Thường', 26, 'G', 1),
(2312, 'Thường', 26, 'G', 2),
(2313, 'Thường', 26, 'G', 3),
(2314, 'Thường', 26, 'G', 4),
(2315, 'Thường', 26, 'G', 5),
(2316, 'Thường', 26, 'G', 6),
(2317, 'Thường', 26, 'G', 7),
(2318, 'Thường', 26, 'G', 8),
(2319, 'Thường', 26, 'G', 9),
(2320, 'Thường', 26, 'G', 10),
(2321, 'Couple', 26, 'H', 1),
(2322, 'Couple', 26, 'H', 2),
(2323, 'Couple', 26, 'H', 3),
(2324, 'Couple', 26, 'H', 4),
(2325, 'Couple', 26, 'H', 5),
(2326, 'Couple', 26, 'H', 6),
(2327, 'Couple', 26, 'H', 7),
(2328, 'Couple', 26, 'H', 8),
(2329, 'Couple', 26, 'H', 9),
(2330, 'Couple', 26, 'H', 10),
(2331, 'Couple', 26, 'I', 1),
(2332, 'Couple', 26, 'I', 2),
(2333, 'Couple', 26, 'I', 3),
(2334, 'Couple', 26, 'I', 4),
(2335, 'Couple', 26, 'I', 5),
(2336, 'Couple', 26, 'I', 6),
(2337, 'Couple', 26, 'I', 7),
(2338, 'Couple', 26, 'I', 8),
(2339, 'Couple', 26, 'I', 9),
(2340, 'Couple', 26, 'I', 10),
(2341, 'Thường', 27, 'A', 1),
(2342, 'Thường', 27, 'A', 2),
(2343, 'Thường', 27, 'A', 3),
(2344, 'Thường', 27, 'A', 4),
(2345, 'Thường', 27, 'A', 5),
(2346, 'Thường', 27, 'A', 6),
(2347, 'Thường', 27, 'A', 7),
(2348, 'Thường', 27, 'A', 8),
(2349, 'Thường', 27, 'A', 9),
(2350, 'Thường', 27, 'A', 10),
(2351, 'Thường', 27, 'B', 1),
(2352, 'Thường', 27, 'B', 2),
(2353, 'Thường', 27, 'B', 3),
(2354, 'Thường', 27, 'B', 4),
(2355, 'Thường', 27, 'B', 5),
(2356, 'Thường', 27, 'B', 6),
(2357, 'Thường', 27, 'B', 7),
(2358, 'Thường', 27, 'B', 8),
(2359, 'Thường', 27, 'B', 9),
(2360, 'Thường', 27, 'B', 10),
(2361, 'Thường', 27, 'C', 1),
(2362, 'Thường', 27, 'C', 2),
(2363, 'Thường', 27, 'C', 3),
(2364, 'Thường', 27, 'C', 4),
(2365, 'Thường', 27, 'C', 5),
(2366, 'Thường', 27, 'C', 6),
(2367, 'Thường', 27, 'C', 7),
(2368, 'Thường', 27, 'C', 8),
(2369, 'Thường', 27, 'C', 9),
(2370, 'Thường', 27, 'C', 10),
(2371, 'Thường', 27, 'D', 1),
(2372, 'Thường', 27, 'D', 2),
(2373, 'Thường', 27, 'D', 3),
(2374, 'Thường', 27, 'D', 4),
(2375, 'Thường', 27, 'D', 5),
(2376, 'Thường', 27, 'D', 6),
(2377, 'Thường', 27, 'D', 7),
(2378, 'Thường', 27, 'D', 8),
(2379, 'Thường', 27, 'D', 9),
(2380, 'Thường', 27, 'D', 10),
(2381, 'VIP', 27, 'E', 1),
(2382, 'VIP', 27, 'E', 2),
(2383, 'VIP', 27, 'E', 3),
(2384, 'VIP', 27, 'E', 4),
(2385, 'VIP', 27, 'E', 5),
(2386, 'VIP', 27, 'E', 6),
(2387, 'VIP', 27, 'E', 7),
(2388, 'VIP', 27, 'E', 8),
(2389, 'VIP', 27, 'E', 9),
(2390, 'VIP', 27, 'E', 10),
(2391, 'VIP', 27, 'F', 1),
(2392, 'VIP', 27, 'F', 2),
(2393, 'VIP', 27, 'F', 3),
(2394, 'VIP', 27, 'F', 4),
(2395, 'VIP', 27, 'F', 5),
(2396, 'VIP', 27, 'F', 6),
(2397, 'VIP', 27, 'F', 7),
(2398, 'VIP', 27, 'F', 8),
(2399, 'VIP', 27, 'F', 9),
(2400, 'VIP', 27, 'F', 10),
(2401, 'Thường', 27, 'G', 1),
(2402, 'Thường', 27, 'G', 2),
(2403, 'Thường', 27, 'G', 3),
(2404, 'Thường', 27, 'G', 4),
(2405, 'Thường', 27, 'G', 5),
(2406, 'Thường', 27, 'G', 6),
(2407, 'Thường', 27, 'G', 7),
(2408, 'Thường', 27, 'G', 8),
(2409, 'Thường', 27, 'G', 9),
(2410, 'Thường', 27, 'G', 10),
(2411, 'Couple', 27, 'H', 1),
(2412, 'Couple', 27, 'H', 2),
(2413, 'Couple', 27, 'H', 3),
(2414, 'Couple', 27, 'H', 4),
(2415, 'Couple', 27, 'H', 5),
(2416, 'Couple', 27, 'H', 6),
(2417, 'Couple', 27, 'H', 7),
(2418, 'Couple', 27, 'H', 8),
(2419, 'Couple', 27, 'H', 9),
(2420, 'Couple', 27, 'H', 10),
(2421, 'Couple', 27, 'I', 1),
(2422, 'Couple', 27, 'I', 2),
(2423, 'Couple', 27, 'I', 3),
(2424, 'Couple', 27, 'I', 4),
(2425, 'Couple', 27, 'I', 5),
(2426, 'Couple', 27, 'I', 6),
(2427, 'Couple', 27, 'I', 7),
(2428, 'Couple', 27, 'I', 8),
(2429, 'Couple', 27, 'I', 9),
(2430, 'Couple', 27, 'I', 10),
(2431, 'Thường', 28, 'A', 1),
(2432, 'Thường', 28, 'A', 2),
(2433, 'Thường', 28, 'A', 3),
(2434, 'Thường', 28, 'A', 4),
(2435, 'Thường', 28, 'A', 5),
(2436, 'Thường', 28, 'A', 6),
(2437, 'Thường', 28, 'A', 7),
(2438, 'Thường', 28, 'A', 8),
(2439, 'Thường', 28, 'A', 9),
(2440, 'Thường', 28, 'A', 10),
(2441, 'Thường', 28, 'B', 1),
(2442, 'Thường', 28, 'B', 2),
(2443, 'Thường', 28, 'B', 3),
(2444, 'Thường', 28, 'B', 4),
(2445, 'Thường', 28, 'B', 5),
(2446, 'Thường', 28, 'B', 6),
(2447, 'Thường', 28, 'B', 7),
(2448, 'Thường', 28, 'B', 8),
(2449, 'Thường', 28, 'B', 9),
(2450, 'Thường', 28, 'B', 10),
(2451, 'Thường', 28, 'C', 1),
(2452, 'Thường', 28, 'C', 2),
(2453, 'Thường', 28, 'C', 3),
(2454, 'Thường', 28, 'C', 4),
(2455, 'Thường', 28, 'C', 5),
(2456, 'Thường', 28, 'C', 6),
(2457, 'Thường', 28, 'C', 7),
(2458, 'Thường', 28, 'C', 8),
(2459, 'Thường', 28, 'C', 9),
(2460, 'Thường', 28, 'C', 10),
(2461, 'Thường', 28, 'D', 1),
(2462, 'Thường', 28, 'D', 2),
(2463, 'Thường', 28, 'D', 3),
(2464, 'Thường', 28, 'D', 4),
(2465, 'Thường', 28, 'D', 5),
(2466, 'Thường', 28, 'D', 6),
(2467, 'Thường', 28, 'D', 7),
(2468, 'Thường', 28, 'D', 8),
(2469, 'Thường', 28, 'D', 9),
(2470, 'Thường', 28, 'D', 10),
(2471, 'VIP', 28, 'E', 1),
(2472, 'VIP', 28, 'E', 2),
(2473, 'VIP', 28, 'E', 3),
(2474, 'VIP', 28, 'E', 4),
(2475, 'VIP', 28, 'E', 5),
(2476, 'VIP', 28, 'E', 6),
(2477, 'VIP', 28, 'E', 7),
(2478, 'VIP', 28, 'E', 8),
(2479, 'VIP', 28, 'E', 9),
(2480, 'VIP', 28, 'E', 10),
(2481, 'VIP', 28, 'F', 1),
(2482, 'VIP', 28, 'F', 2),
(2483, 'VIP', 28, 'F', 3),
(2484, 'VIP', 28, 'F', 4),
(2485, 'VIP', 28, 'F', 5),
(2486, 'VIP', 28, 'F', 6),
(2487, 'VIP', 28, 'F', 7),
(2488, 'VIP', 28, 'F', 8),
(2489, 'VIP', 28, 'F', 9),
(2490, 'VIP', 28, 'F', 10),
(2491, 'Thường', 28, 'G', 1),
(2492, 'Thường', 28, 'G', 2),
(2493, 'Thường', 28, 'G', 3),
(2494, 'Thường', 28, 'G', 4),
(2495, 'Thường', 28, 'G', 5),
(2496, 'Thường', 28, 'G', 6),
(2497, 'Thường', 28, 'G', 7),
(2498, 'Thường', 28, 'G', 8),
(2499, 'Thường', 28, 'G', 9),
(2500, 'Thường', 28, 'G', 10),
(2501, 'Couple', 28, 'H', 1),
(2502, 'Couple', 28, 'H', 2),
(2503, 'Couple', 28, 'H', 3),
(2504, 'Couple', 28, 'H', 4),
(2505, 'Couple', 28, 'H', 5),
(2506, 'Couple', 28, 'H', 6),
(2507, 'Couple', 28, 'H', 7),
(2508, 'Couple', 28, 'H', 8),
(2509, 'Couple', 28, 'H', 9),
(2510, 'Couple', 28, 'H', 10),
(2511, 'Couple', 28, 'I', 1),
(2512, 'Couple', 28, 'I', 2),
(2513, 'Couple', 28, 'I', 3),
(2514, 'Couple', 28, 'I', 4),
(2515, 'Couple', 28, 'I', 5),
(2516, 'Couple', 28, 'I', 6),
(2517, 'Couple', 28, 'I', 7),
(2518, 'Couple', 28, 'I', 8),
(2519, 'Couple', 28, 'I', 9),
(2520, 'Couple', 28, 'I', 10),
(2521, 'Thường', 29, 'A', 1),
(2522, 'Thường', 29, 'A', 2),
(2523, 'Thường', 29, 'A', 3),
(2524, 'Thường', 29, 'A', 4),
(2525, 'Thường', 29, 'A', 5),
(2526, 'Thường', 29, 'A', 6),
(2527, 'Thường', 29, 'A', 7),
(2528, 'Thường', 29, 'A', 8),
(2529, 'Thường', 29, 'A', 9),
(2530, 'Thường', 29, 'A', 10),
(2531, 'Thường', 29, 'B', 1),
(2532, 'Thường', 29, 'B', 2),
(2533, 'Thường', 29, 'B', 3),
(2534, 'Thường', 29, 'B', 4),
(2535, 'Thường', 29, 'B', 5),
(2536, 'Thường', 29, 'B', 6),
(2537, 'Thường', 29, 'B', 7),
(2538, 'Thường', 29, 'B', 8),
(2539, 'Thường', 29, 'B', 9),
(2540, 'Thường', 29, 'B', 10),
(2541, 'Thường', 29, 'C', 1),
(2542, 'Thường', 29, 'C', 2),
(2543, 'Thường', 29, 'C', 3),
(2544, 'Thường', 29, 'C', 4),
(2545, 'Thường', 29, 'C', 5),
(2546, 'Thường', 29, 'C', 6),
(2547, 'Thường', 29, 'C', 7),
(2548, 'Thường', 29, 'C', 8),
(2549, 'Thường', 29, 'C', 9),
(2550, 'Thường', 29, 'C', 10),
(2551, 'Thường', 29, 'D', 1),
(2552, 'Thường', 29, 'D', 2),
(2553, 'Thường', 29, 'D', 3),
(2554, 'Thường', 29, 'D', 4),
(2555, 'Thường', 29, 'D', 5),
(2556, 'Thường', 29, 'D', 6),
(2557, 'Thường', 29, 'D', 7),
(2558, 'Thường', 29, 'D', 8),
(2559, 'Thường', 29, 'D', 9),
(2560, 'Thường', 29, 'D', 10),
(2561, 'VIP', 29, 'E', 1),
(2562, 'VIP', 29, 'E', 2),
(2563, 'VIP', 29, 'E', 3),
(2564, 'VIP', 29, 'E', 4),
(2565, 'VIP', 29, 'E', 5),
(2566, 'VIP', 29, 'E', 6),
(2567, 'VIP', 29, 'E', 7),
(2568, 'VIP', 29, 'E', 8),
(2569, 'VIP', 29, 'E', 9),
(2570, 'VIP', 29, 'E', 10),
(2571, 'VIP', 29, 'F', 1),
(2572, 'VIP', 29, 'F', 2),
(2573, 'VIP', 29, 'F', 3),
(2574, 'VIP', 29, 'F', 4),
(2575, 'VIP', 29, 'F', 5),
(2576, 'VIP', 29, 'F', 6),
(2577, 'VIP', 29, 'F', 7),
(2578, 'VIP', 29, 'F', 8),
(2579, 'VIP', 29, 'F', 9),
(2580, 'VIP', 29, 'F', 10),
(2581, 'Thường', 29, 'G', 1),
(2582, 'Thường', 29, 'G', 2),
(2583, 'Thường', 29, 'G', 3),
(2584, 'Thường', 29, 'G', 4),
(2585, 'Thường', 29, 'G', 5),
(2586, 'Thường', 29, 'G', 6),
(2587, 'Thường', 29, 'G', 7),
(2588, 'Thường', 29, 'G', 8),
(2589, 'Thường', 29, 'G', 9),
(2590, 'Thường', 29, 'G', 10),
(2591, 'Couple', 29, 'H', 1),
(2592, 'Couple', 29, 'H', 2),
(2593, 'Couple', 29, 'H', 3),
(2594, 'Couple', 29, 'H', 4),
(2595, 'Couple', 29, 'H', 5),
(2596, 'Couple', 29, 'H', 6),
(2597, 'Couple', 29, 'H', 7),
(2598, 'Couple', 29, 'H', 8),
(2599, 'Couple', 29, 'H', 9),
(2600, 'Couple', 29, 'H', 10),
(2601, 'Couple', 29, 'I', 1),
(2602, 'Couple', 29, 'I', 2),
(2603, 'Couple', 29, 'I', 3),
(2604, 'Couple', 29, 'I', 4),
(2605, 'Couple', 29, 'I', 5),
(2606, 'Couple', 29, 'I', 6),
(2607, 'Couple', 29, 'I', 7),
(2608, 'Couple', 29, 'I', 8),
(2609, 'Couple', 29, 'I', 9),
(2610, 'Couple', 29, 'I', 10),
(2611, 'Thường', 30, 'A', 1),
(2612, 'Thường', 30, 'A', 2),
(2613, 'Thường', 30, 'A', 3),
(2614, 'Thường', 30, 'A', 4),
(2615, 'Thường', 30, 'A', 5),
(2616, 'Thường', 30, 'A', 6),
(2617, 'Thường', 30, 'A', 7),
(2618, 'Thường', 30, 'A', 8),
(2619, 'Thường', 30, 'A', 9),
(2620, 'Thường', 30, 'A', 10),
(2621, 'Thường', 30, 'B', 1),
(2622, 'Thường', 30, 'B', 2),
(2623, 'Thường', 30, 'B', 3),
(2624, 'Thường', 30, 'B', 4),
(2625, 'Thường', 30, 'B', 5),
(2626, 'Thường', 30, 'B', 6),
(2627, 'Thường', 30, 'B', 7),
(2628, 'Thường', 30, 'B', 8),
(2629, 'Thường', 30, 'B', 9),
(2630, 'Thường', 30, 'B', 10),
(2631, 'Thường', 30, 'C', 1),
(2632, 'Thường', 30, 'C', 2),
(2633, 'Thường', 30, 'C', 3),
(2634, 'Thường', 30, 'C', 4),
(2635, 'Thường', 30, 'C', 5),
(2636, 'Thường', 30, 'C', 6),
(2637, 'Thường', 30, 'C', 7),
(2638, 'Thường', 30, 'C', 8),
(2639, 'Thường', 30, 'C', 9),
(2640, 'Thường', 30, 'C', 10),
(2641, 'Thường', 30, 'D', 1),
(2642, 'Thường', 30, 'D', 2),
(2643, 'Thường', 30, 'D', 3),
(2644, 'Thường', 30, 'D', 4),
(2645, 'Thường', 30, 'D', 5),
(2646, 'Thường', 30, 'D', 6),
(2647, 'Thường', 30, 'D', 7),
(2648, 'Thường', 30, 'D', 8),
(2649, 'Thường', 30, 'D', 9),
(2650, 'Thường', 30, 'D', 10),
(2651, 'VIP', 30, 'E', 1),
(2652, 'VIP', 30, 'E', 2),
(2653, 'VIP', 30, 'E', 3),
(2654, 'VIP', 30, 'E', 4),
(2655, 'VIP', 30, 'E', 5),
(2656, 'VIP', 30, 'E', 6),
(2657, 'VIP', 30, 'E', 7),
(2658, 'VIP', 30, 'E', 8),
(2659, 'VIP', 30, 'E', 9),
(2660, 'VIP', 30, 'E', 10),
(2661, 'VIP', 30, 'F', 1),
(2662, 'VIP', 30, 'F', 2),
(2663, 'VIP', 30, 'F', 3),
(2664, 'VIP', 30, 'F', 4),
(2665, 'VIP', 30, 'F', 5),
(2666, 'VIP', 30, 'F', 6),
(2667, 'VIP', 30, 'F', 7),
(2668, 'VIP', 30, 'F', 8),
(2669, 'VIP', 30, 'F', 9),
(2670, 'VIP', 30, 'F', 10),
(2671, 'Thường', 30, 'G', 1),
(2672, 'Thường', 30, 'G', 2),
(2673, 'Thường', 30, 'G', 3),
(2674, 'Thường', 30, 'G', 4),
(2675, 'Thường', 30, 'G', 5),
(2676, 'Thường', 30, 'G', 6),
(2677, 'Thường', 30, 'G', 7),
(2678, 'Thường', 30, 'G', 8),
(2679, 'Thường', 30, 'G', 9),
(2680, 'Thường', 30, 'G', 10),
(2681, 'Couple', 30, 'H', 1),
(2682, 'Couple', 30, 'H', 2),
(2683, 'Couple', 30, 'H', 3),
(2684, 'Couple', 30, 'H', 4),
(2685, 'Couple', 30, 'H', 5),
(2686, 'Couple', 30, 'H', 6),
(2687, 'Couple', 30, 'H', 7),
(2688, 'Couple', 30, 'H', 8),
(2689, 'Couple', 30, 'H', 9),
(2690, 'Couple', 30, 'H', 10),
(2691, 'Couple', 30, 'I', 1),
(2692, 'Couple', 30, 'I', 2),
(2693, 'Couple', 30, 'I', 3),
(2694, 'Couple', 30, 'I', 4),
(2695, 'Couple', 30, 'I', 5),
(2696, 'Couple', 30, 'I', 6),
(2697, 'Couple', 30, 'I', 7),
(2698, 'Couple', 30, 'I', 8),
(2699, 'Couple', 30, 'I', 9),
(2700, 'Couple', 30, 'I', 10),
(2701, 'Thường', 31, 'A', 1),
(2702, 'Thường', 31, 'A', 2),
(2703, 'Thường', 31, 'A', 3),
(2704, 'Thường', 31, 'A', 4),
(2705, 'Thường', 31, 'A', 5),
(2706, 'Thường', 31, 'A', 6),
(2707, 'Thường', 31, 'A', 7),
(2708, 'Thường', 31, 'A', 8),
(2709, 'Thường', 31, 'A', 9),
(2710, 'Thường', 31, 'A', 10),
(2711, 'Thường', 31, 'B', 1),
(2712, 'Thường', 31, 'B', 2),
(2713, 'Thường', 31, 'B', 3),
(2714, 'Thường', 31, 'B', 4),
(2715, 'Thường', 31, 'B', 5),
(2716, 'Thường', 31, 'B', 6),
(2717, 'Thường', 31, 'B', 7),
(2718, 'Thường', 31, 'B', 8),
(2719, 'Thường', 31, 'B', 9),
(2720, 'Thường', 31, 'B', 10),
(2721, 'Thường', 31, 'C', 1),
(2722, 'Thường', 31, 'C', 2),
(2723, 'Thường', 31, 'C', 3),
(2724, 'Thường', 31, 'C', 4),
(2725, 'Thường', 31, 'C', 5),
(2726, 'Thường', 31, 'C', 6),
(2727, 'Thường', 31, 'C', 7),
(2728, 'Thường', 31, 'C', 8),
(2729, 'Thường', 31, 'C', 9),
(2730, 'Thường', 31, 'C', 10),
(2731, 'Thường', 31, 'D', 1),
(2732, 'Thường', 31, 'D', 2),
(2733, 'Thường', 31, 'D', 3),
(2734, 'Thường', 31, 'D', 4),
(2735, 'Thường', 31, 'D', 5),
(2736, 'Thường', 31, 'D', 6),
(2737, 'Thường', 31, 'D', 7),
(2738, 'Thường', 31, 'D', 8),
(2739, 'Thường', 31, 'D', 9),
(2740, 'Thường', 31, 'D', 10),
(2741, 'VIP', 31, 'E', 1),
(2742, 'VIP', 31, 'E', 2),
(2743, 'VIP', 31, 'E', 3),
(2744, 'VIP', 31, 'E', 4),
(2745, 'VIP', 31, 'E', 5),
(2746, 'VIP', 31, 'E', 6),
(2747, 'VIP', 31, 'E', 7),
(2748, 'VIP', 31, 'E', 8),
(2749, 'VIP', 31, 'E', 9),
(2750, 'VIP', 31, 'E', 10),
(2751, 'VIP', 31, 'F', 1),
(2752, 'VIP', 31, 'F', 2),
(2753, 'VIP', 31, 'F', 3),
(2754, 'VIP', 31, 'F', 4),
(2755, 'VIP', 31, 'F', 5),
(2756, 'VIP', 31, 'F', 6),
(2757, 'VIP', 31, 'F', 7),
(2758, 'VIP', 31, 'F', 8),
(2759, 'VIP', 31, 'F', 9),
(2760, 'VIP', 31, 'F', 10),
(2761, 'Thường', 31, 'G', 1),
(2762, 'Thường', 31, 'G', 2),
(2763, 'Thường', 31, 'G', 3),
(2764, 'Thường', 31, 'G', 4),
(2765, 'Thường', 31, 'G', 5),
(2766, 'Thường', 31, 'G', 6),
(2767, 'Thường', 31, 'G', 7),
(2768, 'Thường', 31, 'G', 8),
(2769, 'Thường', 31, 'G', 9),
(2770, 'Thường', 31, 'G', 10),
(2771, 'Couple', 31, 'H', 1),
(2772, 'Couple', 31, 'H', 2),
(2773, 'Couple', 31, 'H', 3),
(2774, 'Couple', 31, 'H', 4),
(2775, 'Couple', 31, 'H', 5),
(2776, 'Couple', 31, 'H', 6),
(2777, 'Couple', 31, 'H', 7),
(2778, 'Couple', 31, 'H', 8),
(2779, 'Couple', 31, 'H', 9),
(2780, 'Couple', 31, 'H', 10),
(2781, 'Couple', 31, 'I', 1),
(2782, 'Couple', 31, 'I', 2),
(2783, 'Couple', 31, 'I', 3),
(2784, 'Couple', 31, 'I', 4),
(2785, 'Couple', 31, 'I', 5),
(2786, 'Couple', 31, 'I', 6),
(2787, 'Couple', 31, 'I', 7),
(2788, 'Couple', 31, 'I', 8),
(2789, 'Couple', 31, 'I', 9),
(2790, 'Couple', 31, 'I', 10),
(2791, 'Thường', 32, 'A', 1),
(2792, 'Thường', 32, 'A', 2),
(2793, 'Thường', 32, 'A', 3),
(2794, 'Thường', 32, 'A', 4),
(2795, 'Thường', 32, 'A', 5),
(2796, 'Thường', 32, 'A', 6),
(2797, 'Thường', 32, 'A', 7),
(2798, 'Thường', 32, 'A', 8),
(2799, 'Thường', 32, 'A', 9),
(2800, 'Thường', 32, 'A', 10),
(2801, 'Thường', 32, 'B', 1),
(2802, 'Thường', 32, 'B', 2),
(2803, 'Thường', 32, 'B', 3),
(2804, 'Thường', 32, 'B', 4),
(2805, 'Thường', 32, 'B', 5),
(2806, 'Thường', 32, 'B', 6),
(2807, 'Thường', 32, 'B', 7),
(2808, 'Thường', 32, 'B', 8),
(2809, 'Thường', 32, 'B', 9),
(2810, 'Thường', 32, 'B', 10),
(2811, 'Thường', 32, 'C', 1),
(2812, 'Thường', 32, 'C', 2),
(2813, 'Thường', 32, 'C', 3),
(2814, 'Thường', 32, 'C', 4),
(2815, 'Thường', 32, 'C', 5),
(2816, 'Thường', 32, 'C', 6),
(2817, 'Thường', 32, 'C', 7),
(2818, 'Thường', 32, 'C', 8),
(2819, 'Thường', 32, 'C', 9),
(2820, 'Thường', 32, 'C', 10),
(2821, 'Thường', 32, 'D', 1),
(2822, 'Thường', 32, 'D', 2),
(2823, 'Thường', 32, 'D', 3),
(2824, 'Thường', 32, 'D', 4),
(2825, 'Thường', 32, 'D', 5),
(2826, 'Thường', 32, 'D', 6),
(2827, 'Thường', 32, 'D', 7),
(2828, 'Thường', 32, 'D', 8),
(2829, 'Thường', 32, 'D', 9),
(2830, 'Thường', 32, 'D', 10),
(2831, 'VIP', 32, 'E', 1),
(2832, 'VIP', 32, 'E', 2),
(2833, 'VIP', 32, 'E', 3),
(2834, 'VIP', 32, 'E', 4),
(2835, 'VIP', 32, 'E', 5),
(2836, 'VIP', 32, 'E', 6),
(2837, 'VIP', 32, 'E', 7),
(2838, 'VIP', 32, 'E', 8),
(2839, 'VIP', 32, 'E', 9),
(2840, 'VIP', 32, 'E', 10),
(2841, 'VIP', 32, 'F', 1),
(2842, 'VIP', 32, 'F', 2),
(2843, 'VIP', 32, 'F', 3),
(2844, 'VIP', 32, 'F', 4),
(2845, 'VIP', 32, 'F', 5),
(2846, 'VIP', 32, 'F', 6),
(2847, 'VIP', 32, 'F', 7),
(2848, 'VIP', 32, 'F', 8),
(2849, 'VIP', 32, 'F', 9),
(2850, 'VIP', 32, 'F', 10),
(2851, 'Thường', 32, 'G', 1),
(2852, 'Thường', 32, 'G', 2),
(2853, 'Thường', 32, 'G', 3),
(2854, 'Thường', 32, 'G', 4),
(2855, 'Thường', 32, 'G', 5),
(2856, 'Thường', 32, 'G', 6),
(2857, 'Thường', 32, 'G', 7),
(2858, 'Thường', 32, 'G', 8),
(2859, 'Thường', 32, 'G', 9),
(2860, 'Thường', 32, 'G', 10),
(2861, 'Couple', 32, 'H', 1),
(2862, 'Couple', 32, 'H', 2),
(2863, 'Couple', 32, 'H', 3),
(2864, 'Couple', 32, 'H', 4),
(2865, 'Couple', 32, 'H', 5),
(2866, 'Couple', 32, 'H', 6),
(2867, 'Couple', 32, 'H', 7),
(2868, 'Couple', 32, 'H', 8),
(2869, 'Couple', 32, 'H', 9),
(2870, 'Couple', 32, 'H', 10),
(2871, 'Couple', 32, 'I', 1),
(2872, 'Couple', 32, 'I', 2),
(2873, 'Couple', 32, 'I', 3),
(2874, 'Couple', 32, 'I', 4),
(2875, 'Couple', 32, 'I', 5),
(2876, 'Couple', 32, 'I', 6),
(2877, 'Couple', 32, 'I', 7),
(2878, 'Couple', 32, 'I', 8),
(2879, 'Couple', 32, 'I', 9),
(2880, 'Couple', 32, 'I', 10),
(2881, 'Thường', 33, 'A', 1),
(2882, 'Thường', 33, 'A', 2),
(2883, 'Thường', 33, 'A', 3),
(2884, 'Thường', 33, 'A', 4),
(2885, 'Thường', 33, 'A', 5),
(2886, 'Thường', 33, 'A', 6),
(2887, 'Thường', 33, 'A', 7),
(2888, 'Thường', 33, 'A', 8),
(2889, 'Thường', 33, 'A', 9),
(2890, 'Thường', 33, 'A', 10),
(2891, 'Thường', 33, 'B', 1),
(2892, 'Thường', 33, 'B', 2),
(2893, 'Thường', 33, 'B', 3),
(2894, 'Thường', 33, 'B', 4),
(2895, 'Thường', 33, 'B', 5),
(2896, 'Thường', 33, 'B', 6),
(2897, 'Thường', 33, 'B', 7),
(2898, 'Thường', 33, 'B', 8),
(2899, 'Thường', 33, 'B', 9),
(2900, 'Thường', 33, 'B', 10),
(2901, 'Thường', 33, 'C', 1),
(2902, 'Thường', 33, 'C', 2),
(2903, 'Thường', 33, 'C', 3),
(2904, 'Thường', 33, 'C', 4),
(2905, 'Thường', 33, 'C', 5),
(2906, 'Thường', 33, 'C', 6),
(2907, 'Thường', 33, 'C', 7),
(2908, 'Thường', 33, 'C', 8),
(2909, 'Thường', 33, 'C', 9),
(2910, 'Thường', 33, 'C', 10),
(2911, 'Thường', 33, 'D', 1),
(2912, 'Thường', 33, 'D', 2),
(2913, 'Thường', 33, 'D', 3),
(2914, 'Thường', 33, 'D', 4),
(2915, 'Thường', 33, 'D', 5),
(2916, 'Thường', 33, 'D', 6),
(2917, 'Thường', 33, 'D', 7),
(2918, 'Thường', 33, 'D', 8),
(2919, 'Thường', 33, 'D', 9),
(2920, 'Thường', 33, 'D', 10),
(2921, 'VIP', 33, 'E', 1),
(2922, 'VIP', 33, 'E', 2),
(2923, 'VIP', 33, 'E', 3),
(2924, 'VIP', 33, 'E', 4),
(2925, 'VIP', 33, 'E', 5),
(2926, 'VIP', 33, 'E', 6),
(2927, 'VIP', 33, 'E', 7),
(2928, 'VIP', 33, 'E', 8),
(2929, 'VIP', 33, 'E', 9),
(2930, 'VIP', 33, 'E', 10),
(2931, 'VIP', 33, 'F', 1),
(2932, 'VIP', 33, 'F', 2),
(2933, 'VIP', 33, 'F', 3),
(2934, 'VIP', 33, 'F', 4),
(2935, 'VIP', 33, 'F', 5),
(2936, 'VIP', 33, 'F', 6),
(2937, 'VIP', 33, 'F', 7),
(2938, 'VIP', 33, 'F', 8),
(2939, 'VIP', 33, 'F', 9),
(2940, 'VIP', 33, 'F', 10),
(2941, 'Thường', 33, 'G', 1),
(2942, 'Thường', 33, 'G', 2),
(2943, 'Thường', 33, 'G', 3),
(2944, 'Thường', 33, 'G', 4),
(2945, 'Thường', 33, 'G', 5),
(2946, 'Thường', 33, 'G', 6),
(2947, 'Thường', 33, 'G', 7),
(2948, 'Thường', 33, 'G', 8),
(2949, 'Thường', 33, 'G', 9),
(2950, 'Thường', 33, 'G', 10),
(2951, 'Couple', 33, 'H', 1),
(2952, 'Couple', 33, 'H', 2),
(2953, 'Couple', 33, 'H', 3),
(2954, 'Couple', 33, 'H', 4),
(2955, 'Couple', 33, 'H', 5),
(2956, 'Couple', 33, 'H', 6),
(2957, 'Couple', 33, 'H', 7),
(2958, 'Couple', 33, 'H', 8),
(2959, 'Couple', 33, 'H', 9),
(2960, 'Couple', 33, 'H', 10),
(2961, 'Couple', 33, 'I', 1),
(2962, 'Couple', 33, 'I', 2),
(2963, 'Couple', 33, 'I', 3),
(2964, 'Couple', 33, 'I', 4),
(2965, 'Couple', 33, 'I', 5),
(2966, 'Couple', 33, 'I', 6),
(2967, 'Couple', 33, 'I', 7),
(2968, 'Couple', 33, 'I', 8),
(2969, 'Couple', 33, 'I', 9),
(2970, 'Couple', 33, 'I', 10),
(2971, 'Thường', 34, 'A', 1),
(2972, 'Thường', 34, 'A', 2),
(2973, 'Thường', 34, 'A', 3),
(2974, 'Thường', 34, 'A', 4),
(2975, 'Thường', 34, 'A', 5),
(2976, 'Thường', 34, 'A', 6),
(2977, 'Thường', 34, 'A', 7),
(2978, 'Thường', 34, 'A', 8),
(2979, 'Thường', 34, 'A', 9),
(2980, 'Thường', 34, 'A', 10),
(2981, 'Thường', 34, 'B', 1),
(2982, 'Thường', 34, 'B', 2),
(2983, 'Thường', 34, 'B', 3),
(2984, 'Thường', 34, 'B', 4),
(2985, 'Thường', 34, 'B', 5),
(2986, 'Thường', 34, 'B', 6),
(2987, 'Thường', 34, 'B', 7),
(2988, 'Thường', 34, 'B', 8),
(2989, 'Thường', 34, 'B', 9),
(2990, 'Thường', 34, 'B', 10),
(2991, 'Thường', 34, 'C', 1),
(2992, 'Thường', 34, 'C', 2),
(2993, 'Thường', 34, 'C', 3),
(2994, 'Thường', 34, 'C', 4),
(2995, 'Thường', 34, 'C', 5),
(2996, 'Thường', 34, 'C', 6),
(2997, 'Thường', 34, 'C', 7),
(2998, 'Thường', 34, 'C', 8),
(2999, 'Thường', 34, 'C', 9),
(3000, 'Thường', 34, 'C', 10),
(3001, 'Thường', 34, 'D', 1),
(3002, 'Thường', 34, 'D', 2),
(3003, 'Thường', 34, 'D', 3),
(3004, 'Thường', 34, 'D', 4),
(3005, 'Thường', 34, 'D', 5),
(3006, 'Thường', 34, 'D', 6),
(3007, 'Thường', 34, 'D', 7),
(3008, 'Thường', 34, 'D', 8),
(3009, 'Thường', 34, 'D', 9),
(3010, 'Thường', 34, 'D', 10),
(3011, 'VIP', 34, 'E', 1),
(3012, 'VIP', 34, 'E', 2),
(3013, 'VIP', 34, 'E', 3),
(3014, 'VIP', 34, 'E', 4),
(3015, 'VIP', 34, 'E', 5),
(3016, 'VIP', 34, 'E', 6),
(3017, 'VIP', 34, 'E', 7),
(3018, 'VIP', 34, 'E', 8),
(3019, 'VIP', 34, 'E', 9),
(3020, 'VIP', 34, 'E', 10),
(3021, 'VIP', 34, 'F', 1),
(3022, 'VIP', 34, 'F', 2),
(3023, 'VIP', 34, 'F', 3),
(3024, 'VIP', 34, 'F', 4),
(3025, 'VIP', 34, 'F', 5),
(3026, 'VIP', 34, 'F', 6),
(3027, 'VIP', 34, 'F', 7),
(3028, 'VIP', 34, 'F', 8),
(3029, 'VIP', 34, 'F', 9),
(3030, 'VIP', 34, 'F', 10),
(3031, 'Thường', 34, 'G', 1),
(3032, 'Thường', 34, 'G', 2),
(3033, 'Thường', 34, 'G', 3),
(3034, 'Thường', 34, 'G', 4),
(3035, 'Thường', 34, 'G', 5),
(3036, 'Thường', 34, 'G', 6),
(3037, 'Thường', 34, 'G', 7),
(3038, 'Thường', 34, 'G', 8),
(3039, 'Thường', 34, 'G', 9),
(3040, 'Thường', 34, 'G', 10),
(3041, 'Couple', 34, 'H', 1),
(3042, 'Couple', 34, 'H', 2),
(3043, 'Couple', 34, 'H', 3),
(3044, 'Couple', 34, 'H', 4),
(3045, 'Couple', 34, 'H', 5),
(3046, 'Couple', 34, 'H', 6),
(3047, 'Couple', 34, 'H', 7),
(3048, 'Couple', 34, 'H', 8),
(3049, 'Couple', 34, 'H', 9),
(3050, 'Couple', 34, 'H', 10),
(3051, 'Couple', 34, 'I', 1),
(3052, 'Couple', 34, 'I', 2),
(3053, 'Couple', 34, 'I', 3),
(3054, 'Couple', 34, 'I', 4),
(3055, 'Couple', 34, 'I', 5),
(3056, 'Couple', 34, 'I', 6),
(3057, 'Couple', 34, 'I', 7),
(3058, 'Couple', 34, 'I', 8),
(3059, 'Couple', 34, 'I', 9),
(3060, 'Couple', 34, 'I', 10),
(3061, 'Thường', 35, 'A', 1),
(3062, 'Thường', 35, 'A', 2),
(3063, 'Thường', 35, 'A', 3),
(3064, 'Thường', 35, 'A', 4),
(3065, 'Thường', 35, 'A', 5),
(3066, 'Thường', 35, 'A', 6),
(3067, 'Thường', 35, 'A', 7),
(3068, 'Thường', 35, 'A', 8),
(3069, 'Thường', 35, 'A', 9),
(3070, 'Thường', 35, 'A', 10),
(3071, 'Thường', 35, 'B', 1),
(3072, 'Thường', 35, 'B', 2),
(3073, 'Thường', 35, 'B', 3),
(3074, 'Thường', 35, 'B', 4),
(3075, 'Thường', 35, 'B', 5),
(3076, 'Thường', 35, 'B', 6),
(3077, 'Thường', 35, 'B', 7),
(3078, 'Thường', 35, 'B', 8),
(3079, 'Thường', 35, 'B', 9),
(3080, 'Thường', 35, 'B', 10),
(3081, 'Thường', 35, 'C', 1),
(3082, 'Thường', 35, 'C', 2),
(3083, 'Thường', 35, 'C', 3),
(3084, 'Thường', 35, 'C', 4),
(3085, 'Thường', 35, 'C', 5),
(3086, 'Thường', 35, 'C', 6),
(3087, 'Thường', 35, 'C', 7),
(3088, 'Thường', 35, 'C', 8),
(3089, 'Thường', 35, 'C', 9),
(3090, 'Thường', 35, 'C', 10),
(3091, 'Thường', 35, 'D', 1),
(3092, 'Thường', 35, 'D', 2),
(3093, 'Thường', 35, 'D', 3),
(3094, 'Thường', 35, 'D', 4),
(3095, 'Thường', 35, 'D', 5),
(3096, 'Thường', 35, 'D', 6),
(3097, 'Thường', 35, 'D', 7),
(3098, 'Thường', 35, 'D', 8),
(3099, 'Thường', 35, 'D', 9),
(3100, 'Thường', 35, 'D', 10),
(3101, 'VIP', 35, 'E', 1),
(3102, 'VIP', 35, 'E', 2),
(3103, 'VIP', 35, 'E', 3),
(3104, 'VIP', 35, 'E', 4),
(3105, 'VIP', 35, 'E', 5),
(3106, 'VIP', 35, 'E', 6),
(3107, 'VIP', 35, 'E', 7),
(3108, 'VIP', 35, 'E', 8),
(3109, 'VIP', 35, 'E', 9),
(3110, 'VIP', 35, 'E', 10),
(3111, 'VIP', 35, 'F', 1),
(3112, 'VIP', 35, 'F', 2),
(3113, 'VIP', 35, 'F', 3),
(3114, 'VIP', 35, 'F', 4),
(3115, 'VIP', 35, 'F', 5),
(3116, 'VIP', 35, 'F', 6),
(3117, 'VIP', 35, 'F', 7),
(3118, 'VIP', 35, 'F', 8),
(3119, 'VIP', 35, 'F', 9),
(3120, 'VIP', 35, 'F', 10),
(3121, 'Thường', 35, 'G', 1),
(3122, 'Thường', 35, 'G', 2),
(3123, 'Thường', 35, 'G', 3),
(3124, 'Thường', 35, 'G', 4),
(3125, 'Thường', 35, 'G', 5),
(3126, 'Thường', 35, 'G', 6),
(3127, 'Thường', 35, 'G', 7),
(3128, 'Thường', 35, 'G', 8),
(3129, 'Thường', 35, 'G', 9),
(3130, 'Thường', 35, 'G', 10),
(3131, 'Couple', 35, 'H', 1),
(3132, 'Couple', 35, 'H', 2),
(3133, 'Couple', 35, 'H', 3),
(3134, 'Couple', 35, 'H', 4),
(3135, 'Couple', 35, 'H', 5),
(3136, 'Couple', 35, 'H', 6),
(3137, 'Couple', 35, 'H', 7),
(3138, 'Couple', 35, 'H', 8),
(3139, 'Couple', 35, 'H', 9),
(3140, 'Couple', 35, 'H', 10),
(3141, 'Couple', 35, 'I', 1),
(3142, 'Couple', 35, 'I', 2),
(3143, 'Couple', 35, 'I', 3),
(3144, 'Couple', 35, 'I', 4),
(3145, 'Couple', 35, 'I', 5),
(3146, 'Couple', 35, 'I', 6),
(3147, 'Couple', 35, 'I', 7),
(3148, 'Couple', 35, 'I', 8),
(3149, 'Couple', 35, 'I', 9),
(3150, 'Couple', 35, 'I', 10);

-- --------------------------------------------------------

--
-- Table structure for table `users`
--

CREATE TABLE `users` (
  `user_id` int(11) NOT NULL,
  `username` text COLLATE utf8mb4_vietnamese_ci,
  `password` text COLLATE utf8mb4_vietnamese_ci,
  `user_avatar` text COLLATE utf8mb4_vietnamese_ci,
  `user_fullname` text COLLATE utf8mb4_vietnamese_ci,
  `user_birthday` date DEFAULT NULL,
  `user_gender` int(11) DEFAULT NULL,
  `user_email` text COLLATE utf8mb4_vietnamese_ci,
  `user_city` int(11) DEFAULT '0',
  `user_phone` text COLLATE utf8mb4_vietnamese_ci,
  `user_point` int(11) DEFAULT '0'
) ENGINE=InnoDB DEFAULT CHARSET=utf8mb4 COLLATE=utf8mb4_vietnamese_ci;

--
-- Dumping data for table `users`
--

INSERT INTO `users` (`user_id`, `username`, `password`, `user_avatar`, `user_fullname`, `user_birthday`, `user_gender`, `user_email`, `user_city`, `user_phone`, `user_point`) VALUES
(1, 'nguyenvantrung', '123456', 'http://lathanhhanh.tk/src/beta/img/trai.jpg', 'Nguyễn Văn Trung', '1997-05-05', 1, 'nguyenvantrung@gmail.com', 0, '012345678', 0),
(2, 'trancongtung', '123456', 'http://lathanhhanh.tk/src/beta/img/trai.jpg', 'Trần Công Tùng', '1997-01-01', 1, 'trancongtung@gmail.com', 0, '012345678', 0),
(3, 'lengocanh', '123456', 'http://lathanhhanh.tk/src/beta/img/gai.jpg', 'Lê Ngọc Ánh', '1997-01-01', 0, 'lengocanh@gmail.com', 0, '012345678', 0),
(4, 'nguyengiangchuong', '123456', 'http://lathanhhanh.tk/src/beta/img/trai.jpg', 'Nguyễn Giang Chương', '1997-01-01', 1, 'nguyengiangchuong@gmail.com', 0, '012345678', 0),
(5, 'nguyenthibinh', '123456', 'http://lathanhhanh.tk/src/beta/img/gai.jpg', 'Nguyễn Thị Bình', '1997-01-01', 0, 'nguyenthibinh@gmail.com', 0, '012345678', 0),
(6, 'phamtrungkien', '123456', 'http://lathanhhanh.tk/src/beta/img/gai.jpg', 'Phạm Trung Kiên', '1997-01-01', 0, 'phamtrungkien@gmail.com', 0, '012345678', 0),
(7, 'ngothikimnhung', '123456', 'http://lathanhhanh.tk/src/beta/img/gai.jpg', 'Ngô Thị Kim Nhung', '1997-01-01', 0, 'ngothikimnhung@gmail.com', 0, '012345678', 0),
(8, 'nguyenminhduc', '123456', 'http://lathanhhanh.tk/src/beta/img/trai.jpg', 'Nguyễn Minh Đức', '1997-01-01', 1, 'nguyenminhduc@gmail.com', 0, '012345678', 0),
(9, 'haquangminh', '123456', 'http://lathanhhanh.tk/src/beta/img/trai.jpg', 'Hạ Quang Minh', '1997-01-01', 1, 'haquangminh@gmail.com', 0, '012345678', 0),
(10, 'thanhhanh', '123456', 'http://lathanhhanh.tk/src/beta/img/trai.jpg', 'Thanh Hanh', '1997-01-01', 1, 'thanhhanh@gmail.com', 0, '012345678', 0);

--
-- Indexes for dumped tables
--

--
-- Indexes for table `booking`
--
ALTER TABLE `booking`
  ADD PRIMARY KEY (`booking_id`),
  ADD KEY `user_id` (`user_id`),
  ADD KEY `schedule_id` (`schedule_id`),
  ADD KEY `seat_id` (`seat_id`);

--
-- Indexes for table `cinemas`
--
ALTER TABLE `cinemas`
  ADD PRIMARY KEY (`cinema_id`);

--
-- Indexes for table `movies`
--
ALTER TABLE `movies`
  ADD PRIMARY KEY (`movie_id`);

--
-- Indexes for table `room`
--
ALTER TABLE `room`
  ADD PRIMARY KEY (`room_id`),
  ADD KEY `cinema_id` (`cinema_id`);

--
-- Indexes for table `schedule`
--
ALTER TABLE `schedule`
  ADD PRIMARY KEY (`schedule_id`),
  ADD KEY `movie_id` (`movie_id`),
  ADD KEY `room_id` (`room_id`);

--
-- Indexes for table `seats`
--
ALTER TABLE `seats`
  ADD PRIMARY KEY (`seat_id`),
  ADD KEY `room_id` (`room_id`);

--
-- Indexes for table `users`
--
ALTER TABLE `users`
  ADD PRIMARY KEY (`user_id`);

--
-- AUTO_INCREMENT for dumped tables
--

--
-- AUTO_INCREMENT for table `booking`
--
ALTER TABLE `booking`
  MODIFY `booking_id` int(11) NOT NULL AUTO_INCREMENT, AUTO_INCREMENT=3;

--
-- AUTO_INCREMENT for table `cinemas`
--
ALTER TABLE `cinemas`
  MODIFY `cinema_id` int(11) NOT NULL AUTO_INCREMENT, AUTO_INCREMENT=8;

--
-- AUTO_INCREMENT for table `movies`
--
ALTER TABLE `movies`
  MODIFY `movie_id` int(11) NOT NULL AUTO_INCREMENT, AUTO_INCREMENT=8;

--
-- AUTO_INCREMENT for table `room`
--
ALTER TABLE `room`
  MODIFY `room_id` int(11) NOT NULL AUTO_INCREMENT, AUTO_INCREMENT=36;

--
-- AUTO_INCREMENT for table `schedule`
--
ALTER TABLE `schedule`
  MODIFY `schedule_id` int(11) NOT NULL AUTO_INCREMENT, AUTO_INCREMENT=10;

--
-- AUTO_INCREMENT for table `seats`
--
ALTER TABLE `seats`
  MODIFY `seat_id` int(11) NOT NULL AUTO_INCREMENT, AUTO_INCREMENT=3151;

--
-- AUTO_INCREMENT for table `users`
--
ALTER TABLE `users`
  MODIFY `user_id` int(11) NOT NULL AUTO_INCREMENT, AUTO_INCREMENT=11;

--
-- Constraints for dumped tables
--

--
-- Constraints for table `booking`
--
ALTER TABLE `booking`
  ADD CONSTRAINT `booking_ibfk_1` FOREIGN KEY (`user_id`) REFERENCES `users` (`user_id`),
  ADD CONSTRAINT `booking_ibfk_2` FOREIGN KEY (`schedule_id`) REFERENCES `schedule` (`schedule_id`),
  ADD CONSTRAINT `booking_ibfk_3` FOREIGN KEY (`seat_id`) REFERENCES `seats` (`seat_id`);

--
-- Constraints for table `room`
--
ALTER TABLE `room`
  ADD CONSTRAINT `room_ibfk_1` FOREIGN KEY (`cinema_id`) REFERENCES `cinemas` (`cinema_id`);

--
-- Constraints for table `schedule`
--
ALTER TABLE `schedule`
  ADD CONSTRAINT `schedule_ibfk_1` FOREIGN KEY (`movie_id`) REFERENCES `movies` (`movie_id`),
  ADD CONSTRAINT `schedule_ibfk_2` FOREIGN KEY (`room_id`) REFERENCES `room` (`room_id`);

--
-- Constraints for table `seats`
--
ALTER TABLE `seats`
  ADD CONSTRAINT `seats_ibfk_1` FOREIGN KEY (`room_id`) REFERENCES `room` (`room_id`);
COMMIT;

/*!40101 SET CHARACTER_SET_CLIENT=@OLD_CHARACTER_SET_CLIENT */;
/*!40101 SET CHARACTER_SET_RESULTS=@OLD_CHARACTER_SET_RESULTS */;
/*!40101 SET COLLATION_CONNECTION=@OLD_COLLATION_CONNECTION */;
